{
    "blend_data": {
        "is_parent": 0,
        "shape_first_id": 0,
        "shape_mix": 0.0,
        "shape_second_id": 0,
        "shape_third_id": 0,
        "skin_first_id": 31,
        "skin_mix": 0.5720651149749756,
        "skin_second_id": 43,
        "skin_third_id": 0,
        "third_mix": 0.0
    },
    "components": {
        "0": {
            "drawable_id": 0,
            "texture_id": 0
        },
        "1": {
            "drawable_id": 89,
            "texture_id": 4
        },
        "2": {
            "drawable_id": 77,
            "texture_id": 0
        },
        "3": {
            "drawable_id": 44,
            "texture_id": 0
        },
        "4": {
            "drawable_id": 31,
            "texture_id": 4
        },
        "5": {
            "drawable_id": 81,
            "texture_id": 16
        },
        "6": {
            "drawable_id": 7,
            "texture_id": 1
        },
        "7": {
            "drawable_id": 125,
            "texture_id": 0
        },
        "9": {
            "drawable_id": 16,
            "texture_id": 1
        },
        "8": {
            "drawable_id": 153,
            "texture_id": 0
        },
        "10": {
            "drawable_id": 12,
            "texture_id": 6
        },
        "11": {
            "drawable_id": 49,
            "texture_id": 4
        }
    },
    "props": {
        "0": {
            "drawable_id": 39,
            "texture_id": 4
        },
        "1": {
            "drawable_id": -1,
            "texture_id": -1
        },
        "2": {
            "drawable_id": -1,
            "texture_id": -1
        },
        "3": {
            "drawable_id": -1,
            "texture_id": -1
        },
        "4": {
            "drawable_id": -1,
            "texture_id": -1
        },
        "5": {
            "drawable_id": -1,
            "texture_id": -1
        },
        "6": {
            "drawable_id": -1,
            "texture_id": -1
        },
        "7": {
            "drawable_id": -1,
            "texture_id": -1
        },
        "8": {
            "drawable_id": -1,
            "texture_id": -1
        }
    },
    "model": 1885233650
}