{
    "blend_data": {
        "is_parent": 0,
        "shape_first_id": 0,
        "shape_mix": 0.0,
        "shape_second_id": 0,
        "shape_third_id": 0,
        "skin_first_id": 31,
        "skin_mix": 0.5720651149749756,
        "skin_second_id": 43,
        "skin_third_id": 0,
        "third_mix": 0.0
    },
    "components": {
        "0": {
            "drawable_id": 17,
            "texture_id": 0
        },
        "1": {
            "drawable_id": 113,
            "texture_id": 3
        },
        "2": {
            "drawable_id": 57,
            "texture_id": 0
        },
        "3": {
            "drawable_id": 111,
            "texture_id": 1
        },
        "4": {
            "drawable_id": 137,
            "texture_id": 6
        },
        "5": {
            "drawable_id": 86,
            "texture_id": 7
        },
        "6": {
            "drawable_id": 77,
            "texture_id": 13
        },
        "7": {
            "drawable_id": 0,
            "texture_id": 0
        },
        "9": {
            "drawable_id": 24,
            "texture_id": 5
        },
        "8": {
            "drawable_id": 172,
            "texture_id": 19
        },
        "10": {
            "drawable_id": 92,
            "texture_id": 0
        },
        "11": {
            "drawable_id": 488,
            "texture_id": 0
        }
    },
    "props": {
        "0": {
            "drawable_id": 191,
            "texture_id": 3
        },
        "1": {
            "drawable_id": 25,
            "texture_id": 3
        },
        "2": {
            "drawable_id": -1,
            "texture_id": -1
        },
        "3": {
            "drawable_id": -1,
            "texture_id": -1
        },
        "4": {
            "drawable_id": -1,
            "texture_id": -1
        },
        "5": {
            "drawable_id": -1,
            "texture_id": -1
        },
        "6": {
            "drawable_id": -1,
            "texture_id": -1
        },
        "7": {
            "drawable_id": -1,
            "texture_id": -1
        },
        "8": {
            "drawable_id": -1,
            "texture_id": -1
        }
    },
    "model": 1885233650
}