{
    "blend_data": {
        "is_parent": 0,
        "shape_first_id": 0,
        "shape_mix": 0.0,
        "shape_second_id": 0,
        "shape_third_id": 0,
        "skin_first_id": 31,
        "skin_mix": 0.5720651149749756,
        "skin_second_id": 43,
        "skin_third_id": 0,
        "third_mix": 0.0
    },
    "components": {
        "0": {
            "drawable_id": 2,
            "texture_id": 0
        },
        "1": {
            "drawable_id": 174,
            "texture_id": 23
        },
        "2": {
            "drawable_id": 0,
            "texture_id": 0
        },
        "3": {
            "drawable_id": 174,
            "texture_id": 3
        },
        "4": {
            "drawable_id": 153,
            "texture_id": 0
        },
        "5": {
            "drawable_id": 82,
            "texture_id": 22
        },
        "6": {
            "drawable_id": 78,
            "texture_id": 0
        },
        "7": {
            "drawable_id": 0,
            "texture_id": 0
        },
        "9": {
            "drawable_id": 0,
            "texture_id": 0
        },
        "8": {
            "drawable_id": 194,
            "texture_id": 2
        },
        "10": {
            "drawable_id": 100,
            "texture_id": 0
        },
        "11": {
            "drawable_id": 437,
            "texture_id": 0
        }
    },
    "props": {
        "0": {
            "drawable_id": 182,
            "texture_id": 2
        },
        "1": {
            "drawable_id": 25,
            "texture_id": 4
        },
        "2": {
            "drawable_id": -1,
            "texture_id": -1
        },
        "3": {
            "drawable_id": -1,
            "texture_id": -1
        },
        "4": {
            "drawable_id": -1,
            "texture_id": -1
        },
        "5": {
            "drawable_id": -1,
            "texture_id": -1
        },
        "6": {
            "drawable_id": 28,
            "texture_id": 0
        },
        "7": {
            "drawable_id": 6,
            "texture_id": 0
        },
        "8": {
            "drawable_id": -1,
            "texture_id": -1
        }
    },
    "model": 1885233650
}