{
    "blend_data": {
        "is_parent": 0,
        "shape_first_id": 0,
        "shape_mix": 0.0,
        "shape_second_id": 0,
        "shape_third_id": 0,
        "skin_first_id": 31,
        "skin_mix": 0.5720651149749756,
        "skin_second_id": 43,
        "skin_third_id": 0,
        "third_mix": 0.0
    },
    "components": {
        "0": {
            "drawable_id": 29,
            "texture_id": 0
        },
        "1": {
            "drawable_id": 166,
            "texture_id": 1
        },
        "2": {
            "drawable_id": 80,
            "texture_id": 0
        },
        "3": {
            "drawable_id": 4,
            "texture_id": 0
        },
        "4": {
            "drawable_id": 59,
            "texture_id": 9
        },
        "5": {
            "drawable_id": 39,
            "texture_id": 0
        },
        "6": {
            "drawable_id": 55,
            "texture_id": 0
        },
        "7": {
            "drawable_id": 148,
            "texture_id": 0
        },
        "9": {
            "drawable_id": 26,
            "texture_id": 9
        },
        "8": {
            "drawable_id": 154,
            "texture_id": 0
        },
        "10": {
            "drawable_id": 45,
            "texture_id": 0
        },
        "11": {
            "drawable_id": 296,
            "texture_id": 14
        }
    },
    "props": {
        "0": {
            "drawable_id": 39,
            "texture_id": 0
        },
        "1": {
            "drawable_id": 25,
            "texture_id": 1
        },
        "2": {
            "drawable_id": 40,
            "texture_id": 0
        },
        "3": {
            "drawable_id": -1,
            "texture_id": -1
        },
        "4": {
            "drawable_id": -1,
            "texture_id": -1
        },
        "5": {
            "drawable_id": -1,
            "texture_id": -1
        },
        "6": {
            "drawable_id": 28,
            "texture_id": 0
        },
        "7": {
            "drawable_id": 6,
            "texture_id": 0
        },
        "8": {
            "drawable_id": -1,
            "texture_id": -1
        }
    },
    "model": 1885233650
}