{
    "blend_data": {
        "is_parent": 0,
        "shape_first_id": 0,
        "shape_mix": 0.0,
        "shape_second_id": 0,
        "shape_third_id": 0,
        "skin_first_id": 31,
        "skin_mix": 0.5720651149749756,
        "skin_second_id": 43,
        "skin_third_id": 0,
        "third_mix": 0.0
    },
    "components": {
        "0": {
            "drawable_id": 0,
            "texture_id": 0
        },
        "1": {
            "drawable_id": 113,
            "texture_id": 19
        },
        "2": {
            "drawable_id": 57,
            "texture_id": 0
        },
        "3": {
            "drawable_id": 3,
            "texture_id": 0
        },
        "4": {
            "drawable_id": 97,
            "texture_id": 23
        },
        "5": {
            "drawable_id": 86,
            "texture_id": 12
        },
        "6": {
            "drawable_id": 47,
            "texture_id": 1
        },
        "7": {
            "drawable_id": 112,
            "texture_id": 2
        },
        "9": {
            "drawable_id": 16,
            "texture_id": 2
        },
        "8": {
            "drawable_id": -1,
            "texture_id": 0
        },
        "10": {
            "drawable_id": 0,
            "texture_id": 0
        },
        "11": {
            "drawable_id": 274,
            "texture_id": 3
        }
    },
    "props": {
        "0": {
            "drawable_id": 119,
            "texture_id": 24
        },
        "1": {
            "drawable_id": 25,
            "texture_id": 4
        },
        "2": {
            "drawable_id": -1,
            "texture_id": -1
        },
        "3": {
            "drawable_id": -1,
            "texture_id": -1
        },
        "4": {
            "drawable_id": -1,
            "texture_id": -1
        },
        "5": {
            "drawable_id": -1,
            "texture_id": -1
        },
        "6": {
            "drawable_id": -1,
            "texture_id": -1
        },
        "7": {
            "drawable_id": -1,
            "texture_id": -1
        },
        "8": {
            "drawable_id": -1,
            "texture_id": -1
        }
    },
    "model": 1885233650
}