{
    "blend_data": {
        "is_parent": 0,
        "shape_first_id": 0,
        "shape_mix": 0.0,
        "shape_second_id": 0,
        "shape_third_id": 0,
        "skin_first_id": 31,
        "skin_mix": 0.5720651149749756,
        "skin_second_id": 43,
        "skin_third_id": 0,
        "third_mix": 0.0
    },
    "components": {
        "0": {
            "drawable_id": 45,
            "texture_id": 0
        },
        "1": {
            "drawable_id": 113,
            "texture_id": 19
        },
        "2": {
            "drawable_id": 0,
            "texture_id": 0
        },
        "3": {
            "drawable_id": 174,
            "texture_id": 4
        },
        "4": {
            "drawable_id": 26,
            "texture_id": 0
        },
        "5": {
            "drawable_id": 88,
            "texture_id": 1
        },
        "6": {
            "drawable_id": 32,
            "texture_id": 12
        },
        "7": {
            "drawable_id": 125,
            "texture_id": 0
        },
        "9": {
            "drawable_id": 0,
            "texture_id": 0
        },
        "8": {
            "drawable_id": 170,
            "texture_id": 15
        },
        "10": {
            "drawable_id": 0,
            "texture_id": 0
        },
        "11": {
            "drawable_id": 263,
            "texture_id": 4
        }
    },
    "props": {
        "0": {
            "drawable_id": 96,
            "texture_id": 0
        },
        "1": {
            "drawable_id": 25,
            "texture_id": 4
        },
        "2": {
            "drawable_id": -1,
            "texture_id": -1
        },
        "3": {
            "drawable_id": -1,
            "texture_id": -1
        },
        "4": {
            "drawable_id": -1,
            "texture_id": -1
        },
        "5": {
            "drawable_id": -1,
            "texture_id": -1
        },
        "6": {
            "drawable_id": -1,
            "texture_id": -1
        },
        "7": {
            "drawable_id": -1,
            "texture_id": -1
        },
        "8": {
            "drawable_id": -1,
            "texture_id": -1
        }
    },
    "model": 1885233650
}