{
    "blend_data": {
        "is_parent": 0,
        "shape_first_id": 0,
        "shape_mix": 0.0,
        "shape_second_id": 0,
        "shape_third_id": 0,
        "skin_first_id": 31,
        "skin_mix": 0.5720651149749756,
        "skin_second_id": 43,
        "skin_third_id": 0,
        "third_mix": 0.0
    },
    "components": {
        "0": {
            "drawable_id": -1,
            "texture_id": 0
        },
        "1": {
            "drawable_id": 60,
            "texture_id": 0
        },
        "2": {
            "drawable_id": 39,
            "texture_id": 0
        },
        "3": {
            "drawable_id": 55,
            "texture_id": 0
        },
        "4": {
            "drawable_id": 130,
            "texture_id": 1
        },
        "5": {
            "drawable_id": 92,
            "texture_id": 1
        },
        "6": {
            "drawable_id": 77,
            "texture_id": 23
        },
        "7": {
            "drawable_id": 149,
            "texture_id": 4
        },
        "9": {
            "drawable_id": 0,
            "texture_id": 0
        },
        "8": {
            "drawable_id": 99,
            "texture_id": 21
        },
        "10": {
            "drawable_id": 100,
            "texture_id": 0
        },
        "11": {
            "drawable_id": 243,
            "texture_id": 6
        }
    },
    "props": {
        "0": {
            "drawable_id": -1,
            "texture_id": -1
        },
        "1": {
            "drawable_id": -1,
            "texture_id": -1
        },
        "2": {
            "drawable_id": 29,
            "texture_id": 0
        },
        "3": {
            "drawable_id": -1,
            "texture_id": -1
        },
        "4": {
            "drawable_id": -1,
            "texture_id": -1
        },
        "5": {
            "drawable_id": -1,
            "texture_id": -1
        },
        "6": {
            "drawable_id": 40,
            "texture_id": 4
        },
        "7": {
            "drawable_id": 8,
            "texture_id": 4
        },
        "8": {
            "drawable_id": -1,
            "texture_id": -1
        }
    },
    "model": 1885233650
}