{
    "blend_data": {
        "is_parent": 0,
        "shape_first_id": 0,
        "shape_mix": 0.0,
        "shape_second_id": 0,
        "shape_third_id": 0,
        "skin_first_id": 31,
        "skin_mix": 0.5720651149749756,
        "skin_second_id": 43,
        "skin_third_id": 0,
        "third_mix": 0.0
    },
    "components": {
        "0": {
            "drawable_id": 0,
            "texture_id": 0
        },
        "1": {
            "drawable_id": 36,
            "texture_id": 0
        },
        "2": {
            "drawable_id": 49,
            "texture_id": 0
        },
        "3": {
            "drawable_id": 74,
            "texture_id": 0
        },
        "4": {
            "drawable_id": 59,
            "texture_id": 9
        },
        "5": {
            "drawable_id": 85,
            "texture_id": 9
        },
        "6": {
            "drawable_id": 8,
            "texture_id": 0
        },
        "7": {
            "drawable_id": 125,
            "texture_id": 0
        },
        "9": {
            "drawable_id": 0,
            "texture_id": 0
        },
        "8": {
            "drawable_id": 153,
            "texture_id": 0
        },
        "10": {
            "drawable_id": 93,
            "texture_id": 0
        },
        "11": {
            "drawable_id": 22,
            "texture_id": 1
        }
    },
    "props": {
        "0": {
            "drawable_id": 59,
            "texture_id": 9
        },
        "1": {
            "drawable_id": -1,
            "texture_id": -1
        },
        "2": {
            "drawable_id": -1,
            "texture_id": -1
        },
        "3": {
            "drawable_id": -1,
            "texture_id": -1
        },
        "4": {
            "drawable_id": -1,
            "texture_id": -1
        },
        "5": {
            "drawable_id": -1,
            "texture_id": -1
        },
        "6": {
            "drawable_id": -1,
            "texture_id": -1
        },
        "7": {
            "drawable_id": -1,
            "texture_id": -1
        },
        "8": {
            "drawable_id": -1,
            "texture_id": -1
        }
    },
    "model": 1885233650
}