{
    "MOD_AERIALS": [
        2,
        0
    ],
    "MOD_ARMOR": [
        4,
        0
    ],
    "MOD_BRAKES": [
        2,
        0
    ],
    "MOD_DASHBOARD": [
        1,
        0
    ],
    "MOD_DOORSPEAKERS": [
        0,
        0
    ],
    "MOD_ENGINE": [
        3,
        0
    ],
    "MOD_EXHAUST": [
        2,
        0
    ],
    "MOD_FRAME": [
        2,
        0
    ],
    "MOD_GRILLE": [
        0,
        0
    ],
    "MOD_LIVERY": [
        0,
        0
    ],
    "MOD_REARBUMPER": [
        0,
        0
    ],
    "MOD_SEATS": [
        2,
        0
    ],
    "MOD_SPOILERS": [
        2,
        0
    ],
    "MOD_STEERINGWHEELS": [
        8,
        0
    ],
    "MOD_TIRESMOKE": "TOGGLE",
    "MOD_TRANSMISSION": [
        2,
        0
    ],
    "MOD_TRIM": [
        0,
        0
    ],
    "MOD_TURBO": "TOGGLE",
    "MOD_VANITYPLATES": [
        2,
        0
    ],
    "MOD_WINDOWS": [
        1,
        0
    ],
    "MOD_XENONHEADLIGHTS": "TOGGLE",
    "clan_logo": 0,
    "custom_primary_color": [
        20,
        0,
        20
    ],
    "custom_secondary_color": [
        20,
        0,
        20
    ],
    "dash_color": 65,
    "drift_tires": 0,
    "has_collision": true,
    "headlight_color": 5,
    "interior_color": 93,
    "is_visible": true,
    "model_attachments": [],
    "neon_color": [
        0,
        0,
        0
    ],
    "neon_lights": [
        true,
        true,
        true,
        true
    ],
    "pearlescent_color": 89,
    "plate_text": "60ISM195",
    "plate_text_index": 0,
    "primary_color": 0,
    "radio_station": "RADIO_37_MOTOMAMI",
    "secondary_color": 0,
    "tire_can_burst": 0,
    "tire_smoke_color": [
        0,
        0,
        0
    ],
    "vehicle_attachments": [],
    "vehicle_extras": [
        [
            1,
            true
        ]
    ],
    "vehicle_model_hash": 1093792632,
    "vehicle_window_tint": 0,
    "wheel_color": 160,
    "wheel_type": 7
}