{
    "MOD_AERIALS": [
        6,
        0
    ],
    "MOD_ARCHCOVER": [
        3,
        0
    ],
    "MOD_ARMOR": [
        4,
        0
    ],
    "MOD_BRAKES": [
        2,
        0
    ],
    "MOD_DASHBOARD": [
        2,
        0
    ],
    "MOD_DIALDESIGN": [
        0,
        0
    ],
    "MOD_DOORSPEAKERS": [
        0,
        0
    ],
    "MOD_ENGINE": [
        3,
        0
    ],
    "MOD_ENGINEBLOCK": [
        8,
        0
    ],
    "MOD_EXHAUST": [
        7,
        0
    ],
    "MOD_FENDER": [
        0,
        0
    ],
    "MOD_FRAME": [
        6,
        0
    ],
    "MOD_FRONTBUMPER": [
        9,
        0
    ],
    "MOD_FRONTWHEEL": [
        118,
        0
    ],
    "MOD_GRILLE": [
        0,
        0
    ],
    "MOD_HOOD": [
        10,
        0
    ],
    "MOD_HORNS": [
        40,
        0
    ],
    "MOD_LIVERY": [
        12,
        0
    ],
    "MOD_ORNAMENTS": [
        1,
        0
    ],
    "MOD_REARBUMPER": [
        4,
        0
    ],
    "MOD_RIGHTFENDER": [
        1,
        0
    ],
    "MOD_ROOF": [
        2,
        0
    ],
    "MOD_SEATS": [
        8,
        0
    ],
    "MOD_SIDESKIRT": [
        1,
        0
    ],
    "MOD_SPOILERS": [
        9,
        0
    ],
    "MOD_STEERINGWHEELS": [
        14,
        0
    ],
    "MOD_STRUTS": [
        16,
        0
    ],
    "MOD_SUSPENSION": [
        3,
        0
    ],
    "MOD_TANK": [
        0,
        0
    ],
    "MOD_TIRESMOKE": "TOGGLE",
    "MOD_TRANSMISSION": [
        2,
        0
    ],
    "MOD_TRIM": [
        5,
        0
    ],
    "MOD_TRIMDESIGN": [
        1,
        0
    ],
    "MOD_TURBO": "TOGGLE",
    "MOD_VANITYPLATES": [
        0,
        0
    ],
    "MOD_XENONHEADLIGHTS": "TOGGLE",
    "clan_logo": 0,
    "custom_primary_color": [
        223,
        88,
        145
    ],
    "custom_secondary_color": [
        107,
        31,
        123
    ],
    "dash_color": 157,
    "drift_tires": 0,
    "has_collision": true,
    "headlight_color": 9,
    "interior_color": 134,
    "is_visible": true,
    "model_attachments": [],
    "neon_color": [
        223,
        88,
        145
    ],
    "neon_lights": [
        true,
        true,
        true,
        true
    ],
    "pearlescent_color": 135,
    "plate_text": " 0 MPH  ",
    "plate_text_index": 7,
    "primary_color": 137,
    "radio_station": "RADIO_27_DLC_PRHEI4",
    "secondary_color": 148,
    "tire_can_burst": 0,
    "tire_smoke_color": [
        223,
        88,
        145
    ],
    "vehicle_attachments": [],
    "vehicle_extras": [],
    "vehicle_model_hash": 1755697647,
    "vehicle_window_tint": 1,
    "wheel_color": 136,
    "wheel_type": 8
}