{
    "": "TOGGLE",
    "MOD_ARMOR": [
        4,
        0
    ],
    "MOD_BRAKES": [
        2,
        0
    ],
    "MOD_ENGINE": [
        3,
        0
    ],
    "MOD_EXHAUST": [
        0,
        0
    ],
    "MOD_FRONTBUMPER": [
        0,
        0
    ],
    "MOD_FRONTWHEEL": [
        89,
        0
    ],
    "MOD_HORNS": [
        40,
        0
    ],
    "MOD_SIDESKIRT": [
        2,
        0
    ],
    "MOD_SPOILERS": [
        2,
        0
    ],
    "MOD_SUSPENSION": [
        3,
        0
    ],
    "MOD_TIRESMOKE": "TOGGLE",
    "MOD_TRANSMISSION": [
        2,
        0
    ],
    "MOD_TURBO": "TOGGLE",
    "MOD_XENONHEADLIGHTS": "TOGGLE",
    "clan_logo": 0,
    "custom_primary_color": [
        15,
        0,
        60
    ],
    "custom_secondary_color": [
        88,
        112,
        161
    ],
    "dash_color": 67,
    "drift_tires": 0,
    "has_collision": true,
    "headlight_color": 12,
    "interior_color": 67,
    "is_visible": true,
    "model_attachments": [],
    "neon_color": [
        15,
        3,
        255
    ],
    "neon_lights": [
        true,
        true,
        true,
        true
    ],
    "pearlescent_color": 140,
    "plate_text": " 0 MPH  ",
    "plate_text_index": 7,
    "primary_color": 118,
    "radio_station": "RADIO_14_DANCE_02",
    "secondary_color": 120,
    "tire_can_burst": 0,
    "tire_smoke_color": [
        60,
        0,
        255
    ],
    "vehicle_attachments": [],
    "vehicle_extras": [],
    "vehicle_model_hash": 2123327359,
    "vehicle_window_tint": 1,
    "wheel_color": 79,
    "wheel_type": 8
}