{
    "MOD_ARMOR": [
        4,
        0
    ],
    "MOD_BRAKES": [
        2,
        0
    ],
    "MOD_ENGINE": [
        3,
        0
    ],
    "MOD_FRONTBUMPER": [
        0,
        0
    ],
    "MOD_FRONTWHEEL": [
        123,
        0
    ],
    "MOD_GRILLE": [
        1,
        0
    ],
    "MOD_HOOD": [
        0,
        0
    ],
    "MOD_HORNS": [
        40,
        0
    ],
    "MOD_SIDESKIRT": [
        0,
        0
    ],
    "MOD_TIRESMOKE": "TOGGLE",
    "MOD_TRANSMISSION": [
        2,
        0
    ],
    "MOD_TURBO": "TOGGLE",
    "MOD_XENONHEADLIGHTS": "TOGGLE",
    "clan_logo": 0,
    "custom_primary_color": [
        193,
        191,
        255
    ],
    "custom_secondary_color": [
        116,
        181,
        216
    ],
    "dash_color": 158,
    "drift_tires": 0,
    "has_collision": true,
    "headlight_color": 12,
    "interior_color": 158,
    "is_visible": true,
    "model_attachments": [],
    "neon_color": [
        10,
        255,
        255
    ],
    "neon_lights": [
        true,
        true,
        true,
        true
    ],
    "pearlescent_color": 67,
    "plate_text": " 0 MPH  ",
    "plate_text_index": 7,
    "primary_color": 157,
    "radio_station": "RADIO_18_90S_ROCK",
    "secondary_color": 87,
    "tire_can_burst": 0,
    "tire_smoke_color": [
        120,
        255,
        255
    ],
    "vehicle_attachments": [],
    "vehicle_extras": [],
    "vehicle_model_hash": 758895617,
    "vehicle_window_tint": 1,
    "wheel_color": 160,
    "wheel_type": 9
}