{
    "MOD_ARMOR": [
        4,
        0
    ],
    "MOD_BRAKES": [
        2,
        0
    ],
    "MOD_ENGINE": [
        3,
        0
    ],
    "MOD_EXHAUST": [
        2,
        0
    ],
    "MOD_FRONTBUMPER": [
        6,
        0
    ],
    "MOD_FRONTWHEEL": [
        121,
        0
    ],
    "MOD_GRILLE": [
        8,
        0
    ],
    "MOD_HOOD": [
        3,
        0
    ],
    "MOD_HORNS": [
        40,
        0
    ],
    "MOD_LIVERY": [
        14,
        0
    ],
    "MOD_RIGHTFENDER": [
        7,
        0
    ],
    "MOD_SIDESKIRT": [
        2,
        0
    ],
    "MOD_TIRESMOKE": "TOGGLE",
    "MOD_TRANSMISSION": [
        2,
        0
    ],
    "MOD_TURBO": "TOGGLE",
    "MOD_XENONHEADLIGHTS": "TOGGLE",
    "clan_logo": 0,
    "custom_primary_color": [
        252,
        249,
        241
    ],
    "custom_secondary_color": [
        0,
        0,
        0
    ],
    "dash_color": 0,
    "drift_tires": 0,
    "has_collision": true,
    "headlight_color": 12,
    "interior_color": 1,
    "is_visible": true,
    "model_attachments": [],
    "neon_color": [
        255,
        255,
        255
    ],
    "neon_lights": [
        true,
        true,
        true,
        true
    ],
    "pearlescent_color": 0,
    "plate_text": " 0 MPH  ",
    "plate_text_index": 7,
    "primary_color": 131,
    "radio_station": "RADIO_21_DLC_XM17",
    "secondary_color": 12,
    "tire_can_burst": 0,
    "tire_smoke_color": [
        255,
        255,
        255
    ],
    "vehicle_attachments": [],
    "vehicle_extras": [],
    "vehicle_model_hash": 3249056020,
    "vehicle_window_tint": 1,
    "wheel_color": 134,
    "wheel_type": 8
}