{
    "MOD_ARMOR": [
        4,
        0
    ],
    "MOD_BRAKES": [
        2,
        0
    ],
    "MOD_ENGINE": [
        3,
        0
    ],
    "MOD_FRONTWHEEL": [
        122,
        0
    ],
    "MOD_HORNS": [
        40,
        0
    ],
    "MOD_RIGHTFENDER": [
        1,
        0
    ],
    "MOD_ROOF": [
        0,
        0
    ],
    "MOD_SUSPENSION": [
        3,
        0
    ],
    "MOD_TRANSMISSION": [
        2,
        0
    ],
    "MOD_TURBO": "TOGGLE",
    "MOD_XENONHEADLIGHTS": "TOGGLE",
    "clan_logo": 0,
    "custom_primary_color": [
        193,
        191,
        255
    ],
    "custom_secondary_color": [
        193,
        191,
        255
    ],
    "dash_color": 65,
    "drift_tires": 0,
    "has_collision": true,
    "headlight_color": 12,
    "interior_color": 116,
    "is_visible": true,
    "model_attachments": [],
    "neon_color": [
        15,
        3,
        255
    ],
    "neon_lights": [
        true,
        true,
        true,
        true
    ],
    "pearlescent_color": 67,
    "plate_text": " 0 MPH  ",
    "plate_text_index": 7,
    "primary_color": 28,
    "radio_station": "RADIO_13_JAZZ",
    "secondary_color": 1,
    "tire_can_burst": 0,
    "vehicle_attachments": [],
    "vehicle_extras": [],
    "vehicle_model_hash": 394110044,
    "vehicle_window_tint": 1,
    "wheel_color": 134,
    "wheel_type": 8
}