{
    "MOD_AERIALS": [
        0,
        0
    ],
    "MOD_AIRFILTER": [
        2,
        0
    ],
    "MOD_ARMOR": [
        4,
        0
    ],
    "MOD_BRAKES": [
        2,
        0
    ],
    "MOD_ENGINE": [
        3,
        0
    ],
    "MOD_FRAME": [
        3,
        0
    ],
    "MOD_HORNS": [
        40,
        0
    ],
    "MOD_STRUTS": [
        2,
        0
    ],
    "MOD_TANK": [
        0,
        0
    ],
    "MOD_TRANSMISSION": [
        2,
        0
    ],
    "MOD_TRIM": [
        0,
        0
    ],
    "MOD_TURBO": "TOGGLE",
    "MOD_XENONHEADLIGHTS": "TOGGLE",
    "clan_logo": 0,
    "custom_primary_color": [
        193,
        191,
        255
    ],
    "custom_secondary_color": [
        193,
        191,
        255
    ],
    "dash_color": 5,
    "drift_tires": 0,
    "has_collision": true,
    "headlight_color": 12,
    "interior_color": 160,
    "is_visible": true,
    "model_attachments": [],
    "neon_color": [
        0,
        0,
        0
    ],
    "neon_lights": [
        true,
        true,
        true,
        true
    ],
    "pearlescent_color": 67,
    "plate_text": " DKARME ",
    "plate_text_index": 0,
    "primary_color": 0,
    "radio_station": "RADIO_16_SILVERLAKE",
    "secondary_color": 0,
    "tire_can_burst": 0,
    "vehicle_attachments": [],
    "vehicle_extras": [],
    "vehicle_model_hash": 2482017624,
    "vehicle_window_tint": 1,
    "wheel_color": 158,
    "wheel_type": 6
}