{
    "MOD_ARMOR": [
        4,
        0
    ],
    "MOD_BRAKES": [
        2,
        0
    ],
    "MOD_ENGINE": [
        3,
        0
    ],
    "MOD_FRONTWHEEL": [
        116,
        0
    ],
    "MOD_HORNS": [
        40,
        0
    ],
    "MOD_SIDESKIRT": [
        0,
        0
    ],
    "MOD_SPOILERS": [
        12,
        0
    ],
    "MOD_TIRESMOKE": "TOGGLE",
    "MOD_TRANSMISSION": [
        3,
        0
    ],
    "MOD_TURBO": "TOGGLE",
    "MOD_XENONHEADLIGHTS": "TOGGLE",
    "clan_logo": 0,
    "custom_primary_color": [
        24,
        31,
        45
    ],
    "custom_secondary_color": [
        0,
        0,
        0
    ],
    "dash_color": 158,
    "drift_tires": 0,
    "has_collision": true,
    "headlight_color": 9,
    "interior_color": 158,
    "is_visible": true,
    "model_attachments": [],
    "neon_color": [
        255,
        150,
        150
    ],
    "neon_lights": [
        true,
        true,
        true,
        true
    ],
    "pearlescent_color": 136,
    "plate_text": " 0 MPH  ",
    "plate_text_index": 11,
    "primary_color": 161,
    "radio_station": "RADIO_27_DLC_PRHEI4",
    "secondary_color": 161,
    "tire_can_burst": 0,
    "tire_smoke_color": [
        255,
        151,
        155
    ],
    "vehicle_attachments": [],
    "vehicle_extras": [
        [
            1,
            false
        ]
    ],
    "vehicle_model_hash": 3630826055,
    "vehicle_window_tint": 1,
    "wheel_color": 136,
    "wheel_type": 8
}