{
    "MOD_ARMOR": [
        4,
        0
    ],
    "MOD_BRAKES": [
        2,
        0
    ],
    "MOD_ENGINE": [
        3,
        0
    ],
    "MOD_FRONTWHEEL": [
        4,
        0
    ],
    "MOD_HORNS": [
        40,
        0
    ],
    "MOD_SUSPENSION": [
        3,
        0
    ],
    "MOD_TIRESMOKE": "TOGGLE",
    "MOD_TRANSMISSION": [
        2,
        0
    ],
    "MOD_TURBO": "TOGGLE",
    "MOD_XENONHEADLIGHTS": "TOGGLE",
    "clan_logo": 0,
    "custom_primary_color": [
        0,
        0,
        0
    ],
    "custom_secondary_color": [
        0,
        0,
        0
    ],
    "dash_color": 158,
    "drift_tires": 0,
    "has_collision": true,
    "headlight_color": 0,
    "interior_color": 158,
    "is_visible": true,
    "model_attachments": [],
    "neon_color": [
        255,
        255,
        255
    ],
    "neon_lights": [
        true,
        true,
        true,
        true
    ],
    "pearlescent_color": 134,
    "plate_text": " 0 MPH  ",
    "plate_text_index": 7,
    "primary_color": 117,
    "radio_station": "RADIO_02_POP",
    "secondary_color": 120,
    "tire_can_burst": 0,
    "tire_smoke_color": [
        255,
        255,
        255
    ],
    "vehicle_attachments": [],
    "vehicle_extras": [
        [
            1,
            false
        ],
        [
            2,
            false
        ],
        [
            10,
            false
        ]
    ],
    "vehicle_model_hash": 627094268,
    "vehicle_window_tint": 0,
    "wheel_color": 7,
    "wheel_type": 10
}