{
    "": "TOGGLE",
    "MOD_ARMOR": [
        4,
        0
    ],
    "MOD_BRAKES": [
        2,
        0
    ],
    "MOD_ENGINE": [
        3,
        0
    ],
    "MOD_FRONTWHEEL": [
        100,
        0
    ],
    "MOD_HORNS": [
        57,
        0
    ],
    "MOD_SUSPENSION": [
        3,
        0
    ],
    "MOD_TRANSMISSION": [
        2,
        0
    ],
    "MOD_TURBO": "TOGGLE",
    "MOD_XENONHEADLIGHTS": "TOGGLE",
    "clan_logo": 0,
    "dash_color": 0,
    "drift_tires": 0,
    "has_collision": true,
    "headlight_color": 5,
    "interior_color": 134,
    "is_visible": true,
    "model_attachments": [],
    "neon_color": [
        255,
        255,
        255
    ],
    "neon_lights": [
        true,
        true,
        true,
        true
    ],
    "pearlescent_color": 63,
    "plate_text": "NIGGERS ",
    "plate_text_index": 11,
    "primary_color": 120,
    "radio_station": "RADIO_02_POP",
    "secondary_color": 111,
    "tire_can_burst": 0,
    "vehicle_attachments": [],
    "vehicle_extras": [
        [
            1,
            true
        ],
        [
            10,
            true
        ],
        [
            11,
            true
        ],
        [
            12,
            true
        ]
    ],
    "vehicle_model_hash": 469291905,
    "vehicle_window_tint": 6,
    "wheel_color": 134,
    "wheel_type": 10
}