{
    "MOD_AERIALS": [
        0,
        0
    ],
    "MOD_AIRFILTER": [
        2,
        0
    ],
    "MOD_ARCHCOVER": [
        2,
        0
    ],
    "MOD_ARMOR": [
        4,
        0
    ],
    "MOD_BRAKES": [
        2,
        0
    ],
    "MOD_ENGINE": [
        3,
        0
    ],
    "MOD_EXHAUST": [
        2,
        0
    ],
    "MOD_FENDER": [
        3,
        0
    ],
    "MOD_FRAME": [
        2,
        0
    ],
    "MOD_FRONTWHEEL": [
        9,
        0
    ],
    "MOD_GRILLE": [
        2,
        0
    ],
    "MOD_HOOD": [
        2,
        0
    ],
    "MOD_LIVERY": [
        0,
        0
    ],
    "MOD_ORNAMENTS": [
        2,
        0
    ],
    "MOD_REARBUMPER": [
        0,
        0
    ],
    "MOD_RIGHTFENDER": [
        1,
        0
    ],
    "MOD_ROOF": [
        0,
        0
    ],
    "MOD_SPOILERS": [
        6,
        0
    ],
    "MOD_STRUTS": [
        2,
        0
    ],
    "MOD_TANK": [
        1,
        0
    ],
    "MOD_TIRESMOKE": "TOGGLE",
    "MOD_TRANSMISSION": [
        3,
        0
    ],
    "MOD_TRIM": [
        0,
        0
    ],
    "MOD_TURBO": "TOGGLE",
    "MOD_XENONHEADLIGHTS": "TOGGLE",
    "clan_logo": 0,
    "dash_color": 135,
    "drift_tires": 0,
    "has_collision": true,
    "headlight_color": 9,
    "interior_color": 1,
    "is_visible": true,
    "model_attachments": [],
    "neon_color": [
        255,
        50,
        100
    ],
    "neon_lights": [
        true,
        true,
        true,
        true
    ],
    "pearlescent_color": 29,
    "plate_text": "29PAW772",
    "plate_text_index": 1,
    "primary_color": 146,
    "radio_station": "RADIO_27_DLC_PRHEI4",
    "secondary_color": 135,
    "tire_can_burst": 0,
    "tire_smoke_color": [
        255,
        255,
        255
    ],
    "vehicle_attachments": [],
    "vehicle_extras": [],
    "vehicle_model_hash": 3188846534,
    "vehicle_window_tint": 0,
    "wheel_color": 135,
    "wheel_type": 3
}