{
    "MOD_ARMOR": [
        4,
        0
    ],
    "MOD_BRAKES": [
        3,
        0
    ],
    "MOD_ENGINE": [
        3,
        0
    ],
    "MOD_EXHAUST": [
        0,
        0
    ],
    "MOD_FRAME": [
        4,
        0
    ],
    "MOD_FRONTBUMPER": [
        6,
        0
    ],
    "MOD_FRONTWHEEL": [
        121,
        0
    ],
    "MOD_GRILLE": [
        3,
        0
    ],
    "MOD_HORNS": [
        40,
        0
    ],
    "MOD_ROOF": [
        4,
        0
    ],
    "MOD_SIDESKIRT": [
        3,
        0
    ],
    "MOD_SPOILERS": [
        0,
        0
    ],
    "MOD_TIRESMOKE": "TOGGLE",
    "MOD_TRANSMISSION": [
        3,
        0
    ],
    "MOD_TURBO": "TOGGLE",
    "MOD_XENONHEADLIGHTS": "TOGGLE",
    "clan_logo": 0,
    "custom_primary_color": [
        255,
        255,
        255
    ],
    "custom_secondary_color": [
        255,
        255,
        255
    ],
    "dash_color": 156,
    "drift_tires": 0,
    "has_collision": true,
    "headlight_color": 0,
    "interior_color": 8,
    "is_visible": true,
    "model_attachments": [],
    "neon_color": [
        255,
        255,
        255
    ],
    "neon_lights": [
        true,
        true,
        true,
        true
    ],
    "pearlescent_color": 161,
    "plate_text": " 0 MPH  ",
    "plate_text_index": 7,
    "primary_color": 161,
    "radio_station": "RADIO_35_DLC_HEI4_MLR",
    "secondary_color": 161,
    "tire_can_burst": 0,
    "tire_smoke_color": [
        255,
        255,
        255
    ],
    "vehicle_attachments": [],
    "vehicle_extras": [
        [
            1,
            false
        ],
        [
            2,
            false
        ],
        [
            3,
            false
        ],
        [
            4,
            false
        ],
        [
            5,
            false
        ],
        [
            6,
            false
        ],
        [
            7,
            false
        ],
        [
            8,
            false
        ],
        [
            11,
            false
        ]
    ],
    "vehicle_model_hash": 1181339704,
    "vehicle_window_tint": 1,
    "wheel_color": 134,
    "wheel_type": 8
}