{
    "MOD_ARMOR": [
        4,
        0
    ],
    "MOD_BRAKES": [
        2,
        0
    ],
    "MOD_ENGINE": [
        3,
        0
    ],
    "MOD_FRAME": [
        3,
        0
    ],
    "MOD_FRONTBUMPER": [
        4,
        0
    ],
    "MOD_HORNS": [
        40,
        0
    ],
    "MOD_REARBUMPER": [
        3,
        0
    ],
    "MOD_SPOILERS": [
        5,
        0
    ],
    "MOD_TIRESMOKE": "TOGGLE",
    "MOD_TURBO": "TOGGLE",
    "MOD_XENONHEADLIGHTS": "TOGGLE",
    "clan_logo": 0,
    "custom_primary_color": [
        255,
        204,
        94
    ],
    "custom_secondary_color": [
        255,
        208,
        110
    ],
    "dash_color": 135,
    "drift_tires": 0,
    "has_collision": true,
    "headlight_color": 6,
    "interior_color": 83,
    "is_visible": true,
    "model_attachments": [],
    "neon_color": [
        255,
        210,
        13
    ],
    "neon_lights": [
        true,
        true,
        true,
        true
    ],
    "pearlescent_color": 134,
    "plate_text": " 0 MPH  ",
    "plate_text_index": 11,
    "primary_color": 161,
    "radio_station": "RADIO_36_AUDIOPLAYER",
    "secondary_color": 161,
    "tire_can_burst": 0,
    "tire_smoke_color": [
        255,
        230,
        67
    ],
    "vehicle_attachments": [],
    "vehicle_extras": [],
    "vehicle_model_hash": 1031562256,
    "vehicle_window_tint": 1,
    "wheel_color": 126,
    "wheel_type": 7
}