{
    "MOD_ARMOR": [
        4,
        0
    ],
    "MOD_BRAKES": [
        2,
        0
    ],
    "MOD_ENGINE": [
        3,
        0
    ],
    "MOD_EXHAUST": [
        0,
        0
    ],
    "MOD_FRONTWHEEL": [
        123,
        0
    ],
    "MOD_HOOD": [
        1,
        0
    ],
    "MOD_HORNS": [
        40,
        0
    ],
    "MOD_TIRESMOKE": "TOGGLE",
    "MOD_TRANSMISSION": [
        2,
        0
    ],
    "MOD_TURBO": "TOGGLE",
    "MOD_XENONHEADLIGHTS": "TOGGLE",
    "clan_logo": 0,
    "custom_primary_color": [
        20,
        5,
        2
    ],
    "custom_secondary_color": [
        13,
        17,
        22
    ],
    "dash_color": 157,
    "drift_tires": 0,
    "has_collision": true,
    "headlight_color": 12,
    "interior_color": 157,
    "is_visible": true,
    "model_attachments": [],
    "neon_color": [
        44,
        0,
        0
    ],
    "neon_lights": [
        true,
        true,
        true,
        true
    ],
    "pearlescent_color": 47,
    "plate_text": " 0 MPH  ",
    "plate_text_index": 7,
    "primary_color": 12,
    "radio_station": "RADIO_04_PUNK",
    "secondary_color": 0,
    "tire_can_burst": 0,
    "tire_smoke_color": [
        82,
        0,
        0
    ],
    "vehicle_attachments": [],
    "vehicle_extras": [],
    "vehicle_model_hash": 2736567667,
    "vehicle_window_tint": 1,
    "wheel_color": 0,
    "wheel_type": 9
}