{
    "MOD_ARMOR": [
        4,
        0
    ],
    "MOD_BRAKES": [
        2,
        0
    ],
    "MOD_ENGINE": [
        3,
        0
    ],
    "MOD_FRAME": [
        0,
        0
    ],
    "MOD_FRONTWHEEL": [
        67,
        0
    ],
    "MOD_GRILLE": [
        1,
        0
    ],
    "MOD_REARWHEEL": [
        67,
        0
    ],
    "MOD_ROOF": [
        1,
        0
    ],
    "MOD_TIRESMOKE": "TOGGLE",
    "MOD_TURBO": "TOGGLE",
    "MOD_XENONHEADLIGHTS": "TOGGLE",
    "clan_logo": 0,
    "custom_primary_color": [
        30,
        0,
        30
    ],
    "custom_secondary_color": [
        30,
        0,
        30
    ],
    "dash_color": 120,
    "drift_tires": 0,
    "has_collision": true,
    "headlight_color": 10,
    "interior_color": 120,
    "is_visible": true,
    "model_attachments": [],
    "neon_color": [
        255,
        0,
        255
    ],
    "neon_lights": [
        true,
        true,
        true,
        true
    ],
    "pearlescent_color": 135,
    "plate_text": " 0 MPH  ",
    "plate_text_index": 7,
    "primary_color": 161,
    "radio_station": "RADIO_27_DLC_PRHEI4",
    "secondary_color": 161,
    "tire_can_burst": 0,
    "tire_smoke_color": [
        255,
        0,
        255
    ],
    "vehicle_attachments": [],
    "vehicle_extras": [],
    "vehicle_model_hash": 2069146067,
    "vehicle_window_tint": 1,
    "wheel_color": 134,
    "wheel_type": 6
}