{
    "MOD_AERIALS": [
        0,
        0
    ],
    "MOD_AIRFILTER": [
        9,
        0
    ],
    "MOD_ARCHCOVER": [
        6,
        0
    ],
    "MOD_ARMOR": [
        4,
        0
    ],
    "MOD_BRAKES": [
        2,
        0
    ],
    "MOD_ENGINE": [
        3,
        0
    ],
    "MOD_ENGINEBLOCK": [
        2,
        0
    ],
    "MOD_EXHAUST": [
        2,
        0
    ],
    "MOD_FENDER": [
        0,
        0
    ],
    "MOD_FRONTBUMPER": [
        3,
        0
    ],
    "MOD_FRONTWHEEL": [
        109,
        0
    ],
    "MOD_HOOD": [
        8,
        0
    ],
    "MOD_LIVERY": [
        7,
        0
    ],
    "MOD_REARBUMPER": [
        3,
        0
    ],
    "MOD_ROOF": [
        2,
        0
    ],
    "MOD_SEATS": [
        0,
        0
    ],
    "MOD_SIDESKIRT": [
        13,
        0
    ],
    "MOD_SPOILERS": [
        13,
        0
    ],
    "MOD_STEERINGWHEELS": [
        12,
        0
    ],
    "MOD_STRUTS": [
        7,
        0
    ],
    "MOD_SUSPENSION": [
        3,
        0
    ],
    "MOD_TIRESMOKE": "TOGGLE",
    "MOD_TRANSMISSION": [
        2,
        0
    ],
    "MOD_TRIM": [
        12,
        0
    ],
    "MOD_TRIMDESIGN": [
        1,
        0
    ],
    "MOD_TURBO": "TOGGLE",
    "MOD_VANITYPLATES": [
        5,
        0
    ],
    "MOD_XENONHEADLIGHTS": "TOGGLE",
    "clan_logo": 0,
    "custom_primary_color": [
        119,
        205,
        255
    ],
    "custom_secondary_color": [
        119,
        205,
        255
    ],
    "dash_color": 0,
    "drift_tires": 0,
    "has_collision": true,
    "headlight_color": 2,
    "interior_color": 67,
    "is_visible": true,
    "model_attachments": [],
    "neon_color": [
        0,
        199,
        255
    ],
    "neon_lights": [
        true,
        true,
        true,
        true
    ],
    "pearlescent_color": 134,
    "plate_text": " 0 MPH  ",
    "plate_text_index": 7,
    "primary_color": 12,
    "radio_station": "RADIO_36_AUDIOPLAYER",
    "secondary_color": 12,
    "tire_can_burst": 0,
    "tire_smoke_color": [
        177,
        255,
        255
    ],
    "vehicle_attachments": [],
    "vehicle_extras": [],
    "vehicle_model_hash": 2754593701,
    "vehicle_window_tint": 3,
    "wheel_color": 134,
    "wheel_type": 8
}