{
    "": "TOGGLE",
    "MOD_ARMOR": [
        4,
        0
    ],
    "MOD_BRAKES": [
        2,
        0
    ],
    "MOD_ENGINE": [
        3,
        0
    ],
    "MOD_FRONTWHEEL": [
        110,
        0
    ],
    "MOD_HORNS": [
        40,
        0
    ],
    "MOD_LIVERY": [
        8,
        0
    ],
    "MOD_TIRESMOKE": "TOGGLE",
    "MOD_TRANSMISSION": [
        3,
        0
    ],
    "MOD_TURBO": "TOGGLE",
    "MOD_XENONHEADLIGHTS": "TOGGLE",
    "clan_logo": 0,
    "dash_color": 134,
    "drift_tires": 0,
    "has_collision": true,
    "headlight_color": 4,
    "interior_color": 158,
    "is_visible": true,
    "model_attachments": [],
    "neon_color": [
        103,
        255,
        25
    ],
    "neon_lights": [
        true,
        true,
        true,
        true
    ],
    "pearlescent_color": 18,
    "plate_text": " 0 MPH  ",
    "plate_text_index": 0,
    "primary_color": 12,
    "radio_station": "RADIO_14_DANCE_02",
    "secondary_color": 12,
    "tire_can_burst": 0,
    "tire_smoke_color": [
        220,
        255,
        59
    ],
    "vehicle_attachments": [],
    "vehicle_extras": [],
    "vehicle_model_hash": 3656405053,
    "vehicle_window_tint": 1,
    "wheel_color": 55,
    "wheel_type": 8
}