{
    "MOD_AERIALS": [
        5,
        0
    ],
    "MOD_AIRFILTER": [
        6,
        0
    ],
    "MOD_ARCHCOVER": [
        4,
        0
    ],
    "MOD_ARMOR": [
        4,
        0
    ],
    "MOD_BRAKES": [
        2,
        0
    ],
    "MOD_DASHBOARD": [
        4,
        0
    ],
    "MOD_DIALDESIGN": [
        14,
        0
    ],
    "MOD_DOORSPEAKERS": [
        6,
        0
    ],
    "MOD_ENGINE": [
        3,
        0
    ],
    "MOD_ENGINEBLOCK": [
        2,
        0
    ],
    "MOD_EXHAUST": [
        7,
        0
    ],
    "MOD_FENDER": [
        0,
        0
    ],
    "MOD_FRAME": [
        2,
        0
    ],
    "MOD_FRONTBUMPER": [
        2,
        0
    ],
    "MOD_FRONTWHEEL": [
        118,
        0
    ],
    "MOD_GRILLE": [
        2,
        0
    ],
    "MOD_HOOD": [
        4,
        0
    ],
    "MOD_HORNS": [
        40,
        0
    ],
    "MOD_LIVERY": [
        3,
        0
    ],
    "MOD_REARBUMPER": [
        1,
        0
    ],
    "MOD_RIGHTFENDER": [
        5,
        0
    ],
    "MOD_SIDESKIRT": [
        1,
        0
    ],
    "MOD_SPOILERS": [
        14,
        0
    ],
    "MOD_STRUTS": [
        11,
        0
    ],
    "MOD_SUSPENSION": [
        3,
        0
    ],
    "MOD_TIRESMOKE": "TOGGLE",
    "MOD_TRANSMISSION": [
        2,
        0
    ],
    "MOD_TRIM": [
        5,
        0
    ],
    "MOD_TRIMDESIGN": [
        1,
        0
    ],
    "MOD_TURBO": "TOGGLE",
    "MOD_XENONHEADLIGHTS": "TOGGLE",
    "clan_logo": 0,
    "custom_primary_color": [
        229,
        236,
        255
    ],
    "custom_secondary_color": [
        255,
        11,
        0
    ],
    "dash_color": 28,
    "drift_tires": 0,
    "has_collision": true,
    "headlight_color": 8,
    "interior_color": 5,
    "is_visible": true,
    "model_attachments": [],
    "neon_color": [
        255,
        0,
        0
    ],
    "neon_lights": [
        true,
        true,
        true,
        true
    ],
    "pearlescent_color": 161,
    "plate_text": " 0 MPH  ",
    "plate_text_index": 6,
    "primary_color": 161,
    "radio_station": "RADIO_35_DLC_HEI4_MLR",
    "secondary_color": 161,
    "tire_can_burst": 0,
    "tire_smoke_color": [
        255,
        0,
        0
    ],
    "vehicle_attachments": [],
    "vehicle_extras": [],
    "vehicle_model_hash": 4003946083,
    "vehicle_window_tint": 1,
    "wheel_color": 35,
    "wheel_type": 8
}