{
    "MOD_ARMOR": [
        4,
        0
    ],
    "MOD_BRAKES": [
        2,
        0
    ],
    "MOD_ENGINE": [
        3,
        0
    ],
    "MOD_FRAME": [
        0,
        0
    ],
    "MOD_FRONTWHEEL": [
        71,
        0
    ],
    "MOD_GRILLE": [
        1,
        0
    ],
    "MOD_LIVERY": [
        29,
        0
    ],
    "MOD_REARWHEEL": [
        71,
        0
    ],
    "MOD_ROOF": [
        1,
        0
    ],
    "MOD_TURBO": "TOGGLE",
    "MOD_XENONHEADLIGHTS": "TOGGLE",
    "clan_logo": 0,
    "custom_primary_color": [
        86,
        25,
        255
    ],
    "custom_secondary_color": [
        0,
        255,
        233
    ],
    "dash_color": 93,
    "drift_tires": 0,
    "has_collision": true,
    "headlight_color": 255,
    "interior_color": 93,
    "is_visible": true,
    "model_attachments": [],
    "neon_color": [
        0,
        0,
        0
    ],
    "neon_lights": [
        true,
        true,
        true,
        true
    ],
    "pearlescent_color": 87,
    "plate_text": " 1 KPH  ",
    "plate_text_index": 0,
    "primary_color": 88,
    "radio_station": "RADIO_02_POP",
    "secondary_color": 0,
    "tire_can_burst": 0,
    "vehicle_attachments": [],
    "vehicle_extras": [],
    "vehicle_model_hash": 2069146067,
    "vehicle_window_tint": 0,
    "wheel_color": 112,
    "wheel_type": 6
}