{
    "MOD_ARMOR": [
        4,
        0
    ],
    "MOD_BRAKES": [
        2,
        0
    ],
    "MOD_ENGINE": [
        3,
        0
    ],
    "MOD_HORNS": [
        40,
        0
    ],
    "MOD_ROOF": [
        0,
        0
    ],
    "MOD_SUSPENSION": [
        4,
        0
    ],
    "MOD_TIRESMOKE": "TOGGLE",
    "MOD_TRANSMISSION": [
        2,
        0
    ],
    "MOD_TURBO": "TOGGLE",
    "MOD_XENONHEADLIGHTS": "TOGGLE",
    "clan_logo": 0,
    "custom_primary_color": [
        32,
        9,
        76
    ],
    "custom_secondary_color": [
        0,
        0,
        0
    ],
    "dash_color": 0,
    "drift_tires": 0,
    "has_collision": true,
    "headlight_color": 11,
    "interior_color": 0,
    "is_visible": true,
    "model_attachments": [],
    "neon_color": [
        120,
        0,
        255
    ],
    "neon_lights": [
        true,
        true,
        true,
        true
    ],
    "pearlescent_color": 44,
    "plate_text": " 0 MPH  ",
    "plate_text_index": 10,
    "primary_color": 159,
    "radio_station": "RADIO_34_DLC_HEI4_KULT",
    "secondary_color": 120,
    "tire_can_burst": 0,
    "tire_smoke_color": [
        200,
        0,
        255
    ],
    "vehicle_attachments": [],
    "vehicle_extras": [],
    "vehicle_model_hash": 3052358707,
    "vehicle_window_tint": 1,
    "wheel_color": 134,
    "wheel_type": 7
}