{
    "MOD_ARMOR": [
        4,
        0
    ],
    "MOD_BRAKES": [
        2,
        0
    ],
    "MOD_ENGINE": [
        3,
        0
    ],
    "MOD_EXHAUST": [
        2,
        0
    ],
    "MOD_FRAME": [
        0,
        0
    ],
    "MOD_FRONTWHEEL": [
        118,
        0
    ],
    "MOD_HOOD": [
        1,
        0
    ],
    "MOD_HORNS": [
        40,
        0
    ],
    "MOD_ROOF": [
        0,
        0
    ],
    "MOD_SIDESKIRT": [
        0,
        0
    ],
    "MOD_SPOILERS": [
        2,
        0
    ],
    "MOD_SUSPENSION": [
        3,
        0
    ],
    "MOD_TIRESMOKE": "TOGGLE",
    "MOD_TRANSMISSION": [
        2,
        0
    ],
    "MOD_TURBO": "TOGGLE",
    "MOD_XENONHEADLIGHTS": "TOGGLE",
    "clan_logo": 0,
    "custom_primary_color": [
        0,
        25,
        0
    ],
    "custom_secondary_color": [
        88,
        112,
        161
    ],
    "dash_color": 0,
    "drift_tires": 0,
    "has_collision": true,
    "headlight_color": 3,
    "interior_color": 0,
    "is_visible": true,
    "model_attachments": [],
    "neon_color": [
        0,
        255,
        170
    ],
    "neon_lights": [
        true,
        true,
        true,
        true
    ],
    "pearlescent_color": 140,
    "plate_text": " 0 MPH  ",
    "plate_text_index": 12,
    "primary_color": 161,
    "radio_station": "RADIO_37_MOTOMAMI",
    "secondary_color": 120,
    "tire_can_burst": 0,
    "tire_smoke_color": [
        0,
        255,
        185
    ],
    "vehicle_attachments": [],
    "vehicle_extras": [
        [
            2,
            true
        ]
    ],
    "vehicle_model_hash": 1039032026,
    "vehicle_window_tint": 1,
    "wheel_color": 134,
    "wheel_type": 8
}