{
    "MOD_AIRFILTER": [
        3,
        0
    ],
    "MOD_ARMOR": [
        4,
        0
    ],
    "MOD_BRAKES": [
        2,
        0
    ],
    "MOD_ENGINE": [
        3,
        0
    ],
    "MOD_EXHAUST": [
        1,
        0
    ],
    "MOD_FRONTWHEEL": [
        113,
        0
    ],
    "MOD_HORNS": [
        40,
        0
    ],
    "MOD_ORNAMENTS": [
        2,
        0
    ],
    "MOD_RIGHTFENDER": [
        4,
        0
    ],
    "MOD_SPOILERS": [
        3,
        0
    ],
    "MOD_STRUTS": [
        2,
        0
    ],
    "MOD_TIRESMOKE": "TOGGLE",
    "MOD_TRANSMISSION": [
        3,
        0
    ],
    "MOD_TURBO": "TOGGLE",
    "MOD_XENONHEADLIGHTS": "TOGGLE",
    "clan_logo": 0,
    "custom_primary_color": [
        14,
        13,
        51
    ],
    "custom_secondary_color": [
        88,
        112,
        161
    ],
    "dash_color": 83,
    "drift_tires": 0,
    "has_collision": true,
    "headlight_color": 10,
    "interior_color": 83,
    "is_visible": true,
    "model_attachments": [],
    "neon_color": [
        255,
        0,
        255
    ],
    "neon_lights": [
        true,
        true,
        true,
        true
    ],
    "pearlescent_color": 135,
    "plate_text": " 0 MPH  ",
    "plate_text_index": 7,
    "primary_color": 118,
    "radio_station": "RADIO_37_MOTOMAMI",
    "secondary_color": 120,
    "tire_can_burst": 0,
    "tire_smoke_color": [
        255,
        0,
        255
    ],
    "vehicle_attachments": [],
    "vehicle_extras": [],
    "vehicle_model_hash": 540101442,
    "vehicle_window_tint": 1,
    "wheel_color": 81,
    "wheel_type": 8
}