{
    "MOD_AERIALS": [
        2,
        0
    ],
    "MOD_AIRFILTER": [
        2,
        0
    ],
    "MOD_ARCHCOVER": [
        2,
        0
    ],
    "MOD_ARMOR": [
        4,
        0
    ],
    "MOD_BRAKES": [
        2,
        0
    ],
    "MOD_COLUMNSHIFTERLEVERS": [
        14,
        0
    ],
    "MOD_DIALDESIGN": [
        7,
        0
    ],
    "MOD_ENGINE": [
        3,
        0
    ],
    "MOD_ENGINEBLOCK": [
        3,
        0
    ],
    "MOD_EXHAUST": [
        1,
        0
    ],
    "MOD_FRAME": [
        0,
        0
    ],
    "MOD_FRONTBUMPER": [
        0,
        0
    ],
    "MOD_FRONTWHEEL": [
        115,
        0
    ],
    "MOD_GRILLE": [
        1,
        0
    ],
    "MOD_HORNS": [
        40,
        0
    ],
    "MOD_HYDRAULICS": [
        4,
        0
    ],
    "MOD_LIVERY": [
        5,
        0
    ],
    "MOD_ORNAMENTS": [
        44,
        0
    ],
    "MOD_PLAQUES": [
        21,
        0
    ],
    "MOD_PLATEHOLDER": [
        12,
        0
    ],
    "MOD_STEERINGWHEELS": [
        15,
        0
    ],
    "MOD_TANK": [
        2,
        0
    ],
    "MOD_TRANSMISSION": [
        2,
        0
    ],
    "MOD_TRIM": [
        7,
        0
    ],
    "MOD_TRIMDESIGN": [
        11,
        0
    ],
    "MOD_TRUNK": [
        4,
        0
    ],
    "MOD_TURBO": "TOGGLE",
    "MOD_VANITYPLATES": [
        11,
        0
    ],
    "MOD_XENONHEADLIGHTS": "TOGGLE",
    "clan_logo": 0,
    "custom_primary_color": [
        193,
        191,
        255
    ],
    "custom_secondary_color": [
        193,
        191,
        255
    ],
    "dash_color": 111,
    "drift_tires": 0,
    "has_collision": true,
    "headlight_color": 7,
    "interior_color": 134,
    "is_visible": true,
    "model_attachments": [],
    "neon_color": [
        255,
        42,
        0
    ],
    "neon_lights": [
        true,
        true,
        true,
        true
    ],
    "pearlescent_color": 67,
    "plate_text": " 0 MPH  ",
    "plate_text_index": 7,
    "primary_color": 53,
    "radio_station": "RADIO_21_DLC_XM17",
    "secondary_color": 89,
    "tire_can_burst": 0,
    "vehicle_attachments": [],
    "vehicle_extras": [],
    "vehicle_model_hash": 2006667053,
    "vehicle_window_tint": 1,
    "wheel_color": 134,
    "wheel_type": 8
}