{
    "MOD_ARMOR": [
        4,
        0
    ],
    "MOD_BRAKES": [
        2,
        0
    ],
    "MOD_ENGINE": [
        3,
        0
    ],
    "MOD_EXHAUST": [
        5,
        0
    ],
    "MOD_FRAME": [
        0,
        0
    ],
    "MOD_FRONTBUMPER": [
        2,
        0
    ],
    "MOD_FRONTWHEEL": [
        58,
        0
    ],
    "MOD_GRILLE": [
        2,
        0
    ],
    "MOD_HOOD": [
        3,
        0
    ],
    "MOD_HORNS": [
        40,
        0
    ],
    "MOD_LIVERY": [
        5,
        0
    ],
    "MOD_REARBUMPER": [
        3,
        0
    ],
    "MOD_SIDESKIRT": [
        0,
        0
    ],
    "MOD_SPOILERS": [
        7,
        0
    ],
    "MOD_SUSPENSION": [
        3,
        0
    ],
    "MOD_TIRESMOKE": "TOGGLE",
    "MOD_TRANSMISSION": [
        2,
        0
    ],
    "MOD_TURBO": "TOGGLE",
    "MOD_XENONHEADLIGHTS": "TOGGLE",
    "clan_logo": 0,
    "custom_primary_color": [
        2,
        0,
        22
    ],
    "custom_secondary_color": [
        255,
        113,
        9
    ],
    "dash_color": 0,
    "drift_tires": 0,
    "has_collision": true,
    "headlight_color": 6,
    "interior_color": 138,
    "is_visible": true,
    "model_attachments": [],
    "neon_color": [
        255,
        150,
        5
    ],
    "neon_lights": [
        true,
        true,
        true,
        true
    ],
    "pearlescent_color": 41,
    "plate_text": " 0 MPH  ",
    "plate_text_index": 11,
    "primary_color": 161,
    "radio_station": "RADIO_27_DLC_PRHEI4",
    "secondary_color": 161,
    "tire_can_burst": 0,
    "tire_smoke_color": [
        255,
        152,
        0
    ],
    "vehicle_attachments": [],
    "vehicle_extras": [
        [
            1,
            true
        ]
    ],
    "vehicle_model_hash": 2566281822,
    "vehicle_window_tint": 1,
    "wheel_color": 134,
    "wheel_type": 10
}