{
    "MOD_ARMOR": [
        4,
        0
    ],
    "MOD_BRAKES": [
        2,
        0
    ],
    "MOD_ENGINE": [
        3,
        0
    ],
    "MOD_EXHAUST": [
        10,
        0
    ],
    "MOD_FENDER": [
        2,
        0
    ],
    "MOD_FRONTBUMPER": [
        13,
        0
    ],
    "MOD_FRONTWHEEL": [
        122,
        0
    ],
    "MOD_HOOD": [
        7,
        0
    ],
    "MOD_HORNS": [
        40,
        0
    ],
    "MOD_LIVERY": [
        2,
        0
    ],
    "MOD_REARBUMPER": [
        14,
        0
    ],
    "MOD_ROOF": [
        6,
        0
    ],
    "MOD_SIDESKIRT": [
        11,
        0
    ],
    "MOD_SPOILERS": [
        5,
        0
    ],
    "MOD_SUSPENSION": [
        0,
        0
    ],
    "MOD_TIRESMOKE": "TOGGLE",
    "MOD_TRANSMISSION": [
        2,
        0
    ],
    "MOD_TURBO": "TOGGLE",
    "MOD_XENONHEADLIGHTS": "TOGGLE",
    "clan_logo": 0,
    "dash_color": 0,
    "drift_tires": 0,
    "has_collision": true,
    "headlight_color": 9,
    "interior_color": 11,
    "is_visible": true,
    "model_attachments": [],
    "neon_color": [
        255,
        50,
        100
    ],
    "neon_lights": [
        true,
        true,
        true,
        true
    ],
    "pearlescent_color": 135,
    "plate_text": " 0 MPH  ",
    "plate_text_index": 7,
    "primary_color": 136,
    "radio_station": "RADIO_36_AUDIOPLAYER",
    "secondary_color": 136,
    "tire_can_burst": 0,
    "tire_smoke_color": [
        255,
        50,
        100
    ],
    "vehicle_attachments": [],
    "vehicle_extras": [],
    "vehicle_model_hash": 655665811,
    "vehicle_window_tint": 1,
    "wheel_color": 136,
    "wheel_type": 8
}