{
    "clan_logo": 0,
    "custom_primary_color": [
        25,
        0,
        0
    ],
    "custom_secondary_color": [
        88,
        112,
        161
    ],
    "dash_color": 134,
    "drift_tires": 0,
    "has_collision": true,
    "headlight_color": 8,
    "interior_color": 38,
    "is_visible": true,
    "model_attachments": [],
    "neon_color": [
        255,
        0,
        0
    ],
    "neon_lights": [
        true,
        true,
        true,
        true
    ],
    "pearlescent_color": 135,
    "plate_text": " 0 MPH  ",
    "plate_text_index": 6,
    "primary_color": 161,
    "radio_station": "RADIO_36_AUDIOPLAYER",
    "secondary_color": 120,
    "tire_can_burst": 0,
    "vehicle_attachments": [],
    "vehicle_extras": [],
    "vehicle_model_hash": 234062309,
    "vehicle_window_tint": 1,
    "wheel_color": 35,
    "wheel_type": 8
}