{
    "clan_logo": 0,
    "custom_primary_color": [
        0,
        0,
        0
    ],
    "custom_secondary_color": [
        14,
        13,
        51
    ],
    "dash_color": 65,
    "drift_tires": 0,
    "has_collision": true,
    "headlight_color": 2,
    "interior_color": 127,
    "is_visible": true,
    "model_attachments": [],
    "neon_color": [
        0,
        170,
        255
    ],
    "neon_lights": [
        true,
        true,
        true,
        true
    ],
    "pearlescent_color": 140,
    "plate_text": " 0 MPH  ",
    "plate_text_index": 7,
    "primary_color": 161,
    "radio_station": "RADIO_02_POP",
    "secondary_color": 161,
    "tire_can_burst": 0,
    "vehicle_attachments": [],
    "vehicle_extras": [],
    "vehicle_model_hash": 1044193113,
    "vehicle_window_tint": 1,
    "wheel_color": 73,
    "wheel_type": 8
}