{
    "clan_logo": 0,
    "custom_primary_color": [
        35,
        0,
        0
    ],
    "custom_secondary_color": [
        73,
        17,
        29
    ],
    "dash_color": 0,
    "drift_tires": 0,
    "has_collision": true,
    "headlight_color": 8,
    "interior_color": 0,
    "is_visible": true,
    "model_attachments": [],
    "neon_color": [
        255,
        0,
        0
    ],
    "neon_lights": [
        true,
        true,
        true,
        true
    ],
    "pearlescent_color": 44,
    "plate_text": " 0 MPH  ",
    "plate_text_index": 6,
    "primary_color": 161,
    "radio_station": "RADIO_34_DLC_HEI4_KULT",
    "secondary_color": 34,
    "tire_can_burst": 0,
    "vehicle_attachments": [],
    "vehicle_extras": [],
    "vehicle_model_hash": 1934384720,
    "vehicle_window_tint": 1,
    "wheel_color": 134,
    "wheel_type": 10
}