{
    "clan_logo": 0,
    "custom_primary_color": [
        0,
        0,
        0
    ],
    "custom_secondary_color": [
        0,
        0,
        0
    ],
    "dash_color": 83,
    "drift_tires": 0,
    "has_collision": true,
    "headlight_color": 0,
    "interior_color": 134,
    "is_visible": true,
    "model_attachments": [],
    "neon_color": [
        255,
        255,
        255
    ],
    "neon_lights": [
        true,
        true,
        true,
        true
    ],
    "pearlescent_color": 134,
    "plate_text": " 0 MPH  ",
    "plate_text_index": 7,
    "primary_color": 117,
    "radio_station": "RADIO_37_MOTOMAMI",
    "secondary_color": 117,
    "tire_can_burst": 0,
    "vehicle_attachments": [],
    "vehicle_extras": [
        [
            1,
            false
        ]
    ],
    "vehicle_model_hash": 1093792632,
    "vehicle_window_tint": 1,
    "wheel_color": 134,
    "wheel_type": 8
}