{
    "clan_logo": 0,
    "custom_primary_color": [
        51,
        0,
        68
    ],
    "custom_secondary_color": [
        51,
        0,
        68
    ],
    "dash_color": 156,
    "drift_tires": 0,
    "has_collision": true,
    "headlight_color": 10,
    "interior_color": 3,
    "is_visible": true,
    "model_attachments": [],
    "neon_color": [
        255,
        0,
        255
    ],
    "neon_lights": [
        true,
        true,
        true,
        true
    ],
    "pearlescent_color": 38,
    "plate_text": " 0 MPH  ",
    "plate_text_index": 10,
    "primary_color": 161,
    "radio_station": "RADIO_14_DANCE_02",
    "secondary_color": 161,
    "tire_can_burst": 0,
    "vehicle_attachments": [],
    "vehicle_extras": [],
    "vehicle_model_hash": 1881415402,
    "vehicle_window_tint": 1,
    "wheel_color": 134,
    "wheel_type": 8
}