{
    "MOD_ARCHCOVER": [
        0,
        0
    ],
    "MOD_ARMOR": [
        4,
        0
    ],
    "MOD_BRAKES": [
        2,
        0
    ],
    "MOD_ENGINE": [
        3,
        0
    ],
    "MOD_EXHAUST": [
        11,
        0
    ],
    "MOD_FENDER": [
        0,
        0
    ],
    "MOD_FRONTBUMPER": [
        15,
        0
    ],
    "MOD_FRONTWHEEL": [
        78,
        0
    ],
    "MOD_HOOD": [
        2,
        0
    ],
    "MOD_HORNS": [
        48,
        0
    ],
    "MOD_LIVERY": [
        0,
        0
    ],
    "MOD_REARBUMPER": [
        17,
        0
    ],
    "MOD_RIGHTFENDER": [
        4,
        0
    ],
    "MOD_ROOF": [
        7,
        0
    ],
    "MOD_SEATS": [
        12,
        0
    ],
    "MOD_SIDESKIRT": [
        15,
        0
    ],
    "MOD_SPOILERS": [
        23,
        0
    ],
    "MOD_STEERINGWHEELS": [
        1,
        0
    ],
    "MOD_SUSPENSION": [
        4,
        0
    ],
    "MOD_TIRESMOKE": "TOGGLE",
    "MOD_TRANSMISSION": [
        2,
        0
    ],
    "MOD_TRIM": [
        4,
        0
    ],
    "MOD_TURBO": "TOGGLE",
    "MOD_VANITYPLATES": [
        15,
        0
    ],
    "MOD_XENONHEADLIGHTS": "TOGGLE",
    "clan_logo": 0,
    "custom_primary_color": [
        0,
        255,
        131
    ],
    "custom_secondary_color": [
        0,
        255,
        131
    ],
    "dash_color": 70,
    "drift_tires": 0,
    "has_collision": true,
    "headlight_color": 3,
    "interior_color": 1,
    "is_visible": true,
    "model_attachments": [],
    "neon_color": [
        0,
        255,
        131
    ],
    "neon_lights": [
        true,
        true,
        true,
        true
    ],
    "pearlescent_color": 111,
    "plate_text": "AUDI A27",
    "plate_text_index": 2,
    "primary_color": 120,
    "radio_station": "RADIO_02_POP",
    "secondary_color": 131,
    "tire_can_burst": 1,
    "tire_smoke_color": [
        0,
        0,
        0
    ],
    "vehicle_attachments": [],
    "vehicle_extras": [],
    "vehicle_model_hash": 274946574,
    "vehicle_window_tint": 1,
    "wheel_color": 111,
    "wheel_type": 10
}