{
    "": "TOGGLE",
    "MOD_AERIALS": [
        0,
        0
    ],
    "MOD_ARCHCOVER": [
        0,
        0
    ],
    "MOD_ARMOR": [
        4,
        0
    ],
    "MOD_BRAKES": [
        2,
        0
    ],
    "MOD_DASHBOARD": [
        3,
        0
    ],
    "MOD_ENGINE": [
        0,
        0
    ],
    "MOD_EXHAUST": [
        20,
        0
    ],
    "MOD_FENDER": [
        6,
        0
    ],
    "MOD_FRONTBUMPER": [
        15,
        0
    ],
    "MOD_FRONTWHEEL": [
        118,
        0
    ],
    "MOD_GRILLE": [
        1,
        0
    ],
    "MOD_HOOD": [
        2,
        0
    ],
    "MOD_HORNS": [
        1,
        0
    ],
    "MOD_REARBUMPER": [
        17,
        0
    ],
    "MOD_RIGHTFENDER": [
        6,
        0
    ],
    "MOD_ROOF": [
        0,
        0
    ],
    "MOD_SEATS": [
        13,
        0
    ],
    "MOD_SIDESKIRT": [
        15,
        0
    ],
    "MOD_SPOILERS": [
        26,
        0
    ],
    "MOD_STEERINGWHEELS": [
        6,
        0
    ],
    "MOD_SUSPENSION": [
        4,
        0
    ],
    "MOD_TIRESMOKE": "TOGGLE",
    "MOD_TRANSMISSION": [
        2,
        0
    ],
    "MOD_TRIM": [
        4,
        0
    ],
    "MOD_TURBO": "TOGGLE",
    "MOD_XENONHEADLIGHTS": "TOGGLE",
    "clan_logo": 0,
    "custom_primary_color": [
        87,
        0,
        68
    ],
    "custom_secondary_color": [
        255,
        0,
        0
    ],
    "dash_color": 6,
    "drift_tires": 0,
    "has_collision": true,
    "headlight_color": 10,
    "interior_color": 0,
    "is_visible": true,
    "model_attachments": [],
    "neon_color": [
        87,
        0,
        68
    ],
    "neon_lights": [
        true,
        true,
        true,
        true
    ],
    "pearlescent_color": 0,
    "plate_text": "88GOV044",
    "plate_text_index": 11,
    "primary_color": 0,
    "radio_station": "OFF",
    "secondary_color": 120,
    "tire_can_burst": 0,
    "tire_smoke_color": [
        208,
        143,
        248
    ],
    "vehicle_attachments": [],
    "vehicle_extras": [],
    "vehicle_model_hash": 274946574,
    "vehicle_window_tint": 1,
    "wheel_color": 0,
    "wheel_type": 12
}