{
    "MOD_ARMOR": [
        4,
        0
    ],
    "MOD_BRAKES": [
        2,
        0
    ],
    "MOD_ENGINE": [
        3,
        0
    ],
    "MOD_EXHAUST": [
        7,
        0
    ],
    "MOD_FENDER": [
        5,
        0
    ],
    "MOD_FRAME": [
        2,
        0
    ],
    "MOD_FRONTBUMPER": [
        16,
        0
    ],
    "MOD_FRONTWHEEL": [
        0,
        0
    ],
    "MOD_GRILLE": [
        8,
        0
    ],
    "MOD_HOOD": [
        23,
        0
    ],
    "MOD_HORNS": [
        44,
        0
    ],
    "MOD_LIVERY": [
        4,
        0
    ],
    "MOD_REARBUMPER": [
        10,
        0
    ],
    "MOD_RIGHTFENDER": [
        8,
        0
    ],
    "MOD_ROOF": [
        10,
        0
    ],
    "MOD_SIDESKIRT": [
        20,
        0
    ],
    "MOD_SPOILERS": [
        8,
        0
    ],
    "MOD_SUSPENSION": [
        3,
        0
    ],
    "MOD_TIRESMOKE": "TOGGLE",
    "MOD_TRANSMISSION": [
        2,
        0
    ],
    "MOD_TURBO": "TOGGLE",
    "MOD_XENONHEADLIGHTS": "TOGGLE",
    "clan_logo": 0,
    "custom_primary_color": [
        0,
        241,
        255
    ],
    "custom_secondary_color": [
        0,
        241,
        255
    ],
    "dash_color": 0,
    "drift_tires": 0,
    "has_collision": true,
    "headlight_color": 2,
    "interior_color": 1,
    "is_visible": true,
    "model_attachments": [],
    "neon_color": [
        3,
        83,
        255
    ],
    "neon_lights": [
        true,
        true,
        true,
        true
    ],
    "pearlescent_color": 10,
    "plate_text": "48VML264",
    "plate_text_index": 0,
    "primary_color": 0,
    "radio_station": "OFF",
    "secondary_color": 135,
    "tire_can_burst": 0,
    "tire_smoke_color": [
        0,
        174,
        239
    ],
    "vehicle_attachments": [],
    "vehicle_extras": [],
    "vehicle_model_hash": 2100457220,
    "vehicle_window_tint": 1,
    "wheel_color": 140,
    "wheel_type": 10
}