{
    "": "TOGGLE",
    "MOD_ARMOR": [
        4,
        0
    ],
    "MOD_BRAKES": [
        2,
        0
    ],
    "MOD_ENGINE": [
        3,
        0
    ],
    "MOD_EXHAUST": [
        7,
        0
    ],
    "MOD_FRONTBUMPER": [
        10,
        0
    ],
    "MOD_HOOD": [
        14,
        0
    ],
    "MOD_LIVERY": [
        2,
        0
    ],
    "MOD_ROOF": [
        9,
        0
    ],
    "MOD_SIDESKIRT": [
        7,
        0
    ],
    "MOD_SPOILERS": [
        12,
        0
    ],
    "MOD_SUSPENSION": [
        4,
        0
    ],
    "MOD_TRANSMISSION": [
        2,
        0
    ],
    "MOD_TURBO": "TOGGLE",
    "clan_logo": 0,
    "dash_color": 0,
    "has_collision": true,
    "headlight_color": 255,
    "interior_color": 1,
    "is_invincible": false,
    "is_visible": true,
    "model_attachments": [],
    "neon_color": [
        0,
        0,
        0
    ],
    "neon_lights": [
        false,
        false,
        false,
        false
    ],
    "pearlescent_color": 31,
    "plate_text": "08QXL569",
    "plate_text_index": 0,
    "primary_color": 143,
    "radio_station": "OFF",
    "secondary_color": 12,
    "tire_smoke_color": [
        255,
        255,
        255
    ],
    "vehicle_attachments": [],
    "vehicle_extras": [],
    "vehicle_model_hash": 1076201208,
    "vehicle_window_tint": 1,
    "wheel_color": 156,
    "wheel_type": 0
}