{
    "MOD_ARMOR": [
        4,
        0
    ],
    "MOD_BRAKES": [
        2,
        0
    ],
    "MOD_ENGINE": [
        3,
        0
    ],
    "MOD_EXHAUST": [
        5,
        0
    ],
    "MOD_FRONTBUMPER": [
        14,
        0
    ],
    "MOD_FRONTWHEEL": [
        115,
        0
    ],
    "MOD_HOOD": [
        16,
        0
    ],
    "MOD_HORNS": [
        44,
        0
    ],
    "MOD_REARBUMPER": [
        8,
        0
    ],
    "MOD_SIDESKIRT": [
        16,
        0
    ],
    "MOD_SPOILERS": [
        1,
        0
    ],
    "MOD_SUSPENSION": [
        3,
        0
    ],
    "MOD_TIRESMOKE": "TOGGLE",
    "MOD_TRANSMISSION": [
        2,
        0
    ],
    "MOD_TURBO": "TOGGLE",
    "MOD_XENONHEADLIGHTS": "TOGGLE",
    "clan_logo": 0,
    "custom_primary_color": [
        0,
        237,
        255
    ],
    "custom_secondary_color": [
        0,
        237,
        255
    ],
    "dash_color": 0,
    "drift_tires": 0,
    "has_collision": true,
    "headlight_color": 2,
    "interior_color": 1,
    "is_visible": true,
    "model_attachments": [],
    "neon_color": [
        3,
        83,
        255
    ],
    "neon_lights": [
        true,
        true,
        true,
        true
    ],
    "pearlescent_color": 5,
    "plate_text": "20KIC449",
    "plate_text_index": 0,
    "primary_color": 1,
    "radio_station": "OFF",
    "secondary_color": 11,
    "tire_can_burst": 1,
    "tire_smoke_color": [
        0,
        174,
        239
    ],
    "vehicle_attachments": [],
    "vehicle_extras": [],
    "vehicle_model_hash": 461465043,
    "vehicle_window_tint": 1,
    "wheel_color": 140,
    "wheel_type": 8
}