{
    "": "TOGGLE",
    "MOD_ARMOR": [
        4,
        0
    ],
    "MOD_BRAKES": [
        2,
        0
    ],
    "MOD_ENGINE": [
        3,
        0
    ],
    "MOD_EXHAUST": [
        5,
        0
    ],
    "MOD_FENDER": [
        0,
        0
    ],
    "MOD_FRAME": [
        2,
        0
    ],
    "MOD_FRONTBUMPER": [
        2,
        0
    ],
    "MOD_FRONTWHEEL": [
        0,
        0
    ],
    "MOD_GRILLE": [
        3,
        0
    ],
    "MOD_HOOD": [
        7,
        0
    ],
    "MOD_LIVERY": [
        1,
        0
    ],
    "MOD_REARBUMPER": [
        2,
        0
    ],
    "MOD_RIGHTFENDER": [
        1,
        0
    ],
    "MOD_ROOF": [
        5,
        0
    ],
    "MOD_SIDESKIRT": [
        2,
        0
    ],
    "MOD_SPOILERS": [
        7,
        0
    ],
    "MOD_SUSPENSION": [
        4,
        0
    ],
    "MOD_TRANSMISSION": [
        3,
        0
    ],
    "MOD_TURBO": "TOGGLE",
    "MOD_XENONHEADLIGHTS": "TOGGLE",
    "clan_logo": 0,
    "custom_primary_color": [
        67,
        249,
        0
    ],
    "custom_secondary_color": [
        67,
        249,
        0
    ],
    "dash_color": 150,
    "has_collision": true,
    "headlight_color": 4,
    "interior_color": 150,
    "is_invincible": true,
    "is_visible": true,
    "model_attachments": [],
    "neon_color": [
        87,
        255,
        11
    ],
    "neon_lights": [
        true,
        true,
        true,
        true
    ],
    "pearlescent_color": 150,
    "plate_text": " EZ MOD ",
    "plate_text_index": 5,
    "primary_color": 120,
    "radio_station": "OFF",
    "secondary_color": 120,
    "tire_smoke_color": [
        118,
        185,
        90
    ],
    "vehicle_attachments": [],
    "vehicle_extras": [],
    "vehicle_model_hash": 686471183,
    "vehicle_window_tint": 1,
    "wheel_color": 111,
    "wheel_type": 10
}