{
    "MOD_ARMOR": [
        4,
        0
    ],
    "MOD_EXHAUST": [
        5,
        0
    ],
    "MOD_FRAME": [
        7,
        0
    ],
    "MOD_FRONTBUMPER": [
        4,
        0
    ],
    "MOD_FRONTWHEEL": [
        21,
        0
    ],
    "MOD_GRILLE": [
        2,
        0
    ],
    "MOD_HOOD": [
        1,
        0
    ],
    "MOD_HORNS": [
        3,
        0
    ],
    "MOD_LIVERY": [
        5,
        0
    ],
    "MOD_REARBUMPER": [
        4,
        0
    ],
    "MOD_RIGHTFENDER": [
        3,
        0
    ],
    "MOD_ROOF": [
        2,
        0
    ],
    "MOD_SIDESKIRT": [
        2,
        0
    ],
    "MOD_SPOILERS": [
        7,
        0
    ],
    "MOD_SUSPENSION": [
        3,
        0
    ],
    "MOD_TIRESMOKE": "TOGGLE",
    "MOD_XENONHEADLIGHTS": "TOGGLE",
    "clan_logo": 0,
    "custom_primary_color": [
        255,
        255,
        255
    ],
    "dash_color": 0,
    "drift_tires": 0,
    "has_collision": true,
    "headlight_color": 255,
    "interior_color": 1,
    "is_visible": true,
    "model_attachments": [],
    "neon_color": [
        94,
        255,
        1
    ],
    "neon_lights": [
        true,
        true,
        true,
        true
    ],
    "pearlescent_color": 0,
    "plate_text": "46EEK572",
    "plate_text_index": 1,
    "primary_color": 111,
    "radio_station": "RADIO_13_JAZZ",
    "secondary_color": 111,
    "tire_can_burst": 0,
    "tire_smoke_color": [
        174,
        0,
        81
    ],
    "vehicle_attachments": [],
    "vehicle_extras": [],
    "vehicle_model_hash": 4151380270,
    "vehicle_window_tint": 1,
    "wheel_color": 122,
    "wheel_type": 12
}