{
    "custom_primary_color": [
        32,
        9,
        76
    ],
    "custom_secondary_color": [
        88,
        112,
        161
    ],
    "drift_tires": 0,
    "has_collision": true,
    "is_visible": true,
    "model_attachments": [],
    "pearlescent_color": 135,
    "plate_text": " D BRUTA",
    "plate_text_index": 0,
    "primary_color": 161,
    "radio_station": "RADIO_14_DANCE_02",
    "secondary_color": 120,
    "tire_can_burst": 0,
    "vehicle_attachments": [],
    "vehicle_extras": [
        [
            1,
            false
        ],
        [
            2,
            false
        ],
        [
            7,
            false
        ]
    ],
    "vehicle_model_hash": 1181327175,
    "vehicle_window_tint": 1,
    "wheel_color": 0
}