{
    "": [
        0,
        0
    ],
    "MOD_AIRFILTER": [
        9,
        0
    ],
    "MOD_ARCHCOVER": [
        4,
        0
    ],
    "MOD_BRAKES": [
        2,
        0
    ],
    "MOD_DASHBOARD": [
        4,
        0
    ],
    "MOD_DIALDESIGN": [
        14,
        0
    ],
    "MOD_DOORSPEAKERS": [
        6,
        0
    ],
    "MOD_ENGINE": [
        3,
        0
    ],
    "MOD_ENGINEBLOCK": [
        5,
        0
    ],
    "MOD_EXHAUST": [
        3,
        0
    ],
    "MOD_FRONTBUMPER": [
        5,
        0
    ],
    "MOD_FRONTWHEEL": [
        109,
        0
    ],
    "MOD_HOOD": [
        8,
        0
    ],
    "MOD_HORNS": [
        57,
        0
    ],
    "MOD_LIVERY": [
        22,
        0
    ],
    "MOD_REARBUMPER": [
        5,
        0
    ],
    "MOD_SEATS": [
        13,
        0
    ],
    "MOD_SIDESKIRT": [
        3,
        0
    ],
    "MOD_SPOILERS": [
        16,
        0
    ],
    "MOD_STEERINGWHEELS": [
        15,
        0
    ],
    "MOD_STRUTS": [
        11,
        0
    ],
    "MOD_SUSPENSION": [
        3,
        0
    ],
    "MOD_TANK": [
        4,
        0
    ],
    "MOD_TIRESMOKE": "TOGGLE",
    "MOD_TRANSMISSION": [
        2,
        0
    ],
    "MOD_TRIM": [
        4,
        0
    ],
    "MOD_TRIMDESIGN": [
        2,
        0
    ],
    "MOD_TRUNK": [
        1,
        0
    ],
    "MOD_TURBO": "TOGGLE",
    "MOD_VANITYPLATES": [
        6,
        0
    ],
    "MOD_XENONHEADLIGHTS": "TOGGLE",
    "clan_logo": 0,
    "custom_primary_color": [
        0,
        255,
        239
    ],
    "custom_secondary_color": [
        0,
        240,
        255
    ],
    "dash_color": 156,
    "drift_tires": 0,
    "has_collision": true,
    "headlight_color": 255,
    "interior_color": 8,
    "is_visible": true,
    "model_attachments": [],
    "neon_color": [
        255,
        0,
        255
    ],
    "neon_lights": [
        true,
        true,
        true,
        true
    ],
    "pearlescent_color": 0,
    "plate_text": "69MXR937",
    "plate_text_index": 0,
    "primary_color": 112,
    "radio_station": "OFF",
    "secondary_color": 5,
    "tire_can_burst": 0,
    "tire_smoke_color": [
        255,
        255,
        255
    ],
    "vehicle_attachments": [],
    "vehicle_extras": [],
    "vehicle_model_hash": 2670883828,
    "vehicle_window_tint": 1,
    "wheel_color": 6,
    "wheel_type": 8
}