{
    "": "TOGGLE",
    "MOD_ARMOR": [
        4,
        0
    ],
    "MOD_BRAKES": [
        2,
        0
    ],
    "MOD_ENGINE": [
        3,
        0
    ],
    "MOD_EXHAUST": [
        5,
        0
    ],
    "MOD_FENDER": [
        3,
        0
    ],
    "MOD_FRAME": [
        3,
        0
    ],
    "MOD_FRONTBUMPER": [
        5,
        0
    ],
    "MOD_FRONTWHEEL": [
        7,
        0
    ],
    "MOD_GRILLE": [
        1,
        0
    ],
    "MOD_HOOD": [
        4,
        0
    ],
    "MOD_HORNS": [
        48,
        0
    ],
    "MOD_LIVERY": [
        0,
        0
    ],
    "MOD_RIGHTFENDER": [
        2,
        0
    ],
    "MOD_ROOF": [
        2,
        0
    ],
    "MOD_SIDESKIRT": [
        11,
        0
    ],
    "MOD_SPOILERS": [
        14,
        0
    ],
    "MOD_TIRESMOKE": "TOGGLE",
    "MOD_TRANSMISSION": [
        2,
        0
    ],
    "MOD_TURBO": "TOGGLE",
    "MOD_XENONHEADLIGHTS": "TOGGLE",
    "clan_logo": 0,
    "custom_primary_color": [
        255,
        222,
        0
    ],
    "dash_color": 70,
    "drift_tires": 0,
    "has_collision": true,
    "headlight_color": 5,
    "interior_color": 89,
    "is_visible": true,
    "model_attachments": [],
    "neon_color": [
        0,
        172,
        255
    ],
    "neon_lights": [
        true,
        true,
        true,
        true
    ],
    "pearlescent_color": 89,
    "plate_text": "DOGONPAI",
    "plate_text_index": 1,
    "primary_color": 53,
    "radio_station": "RADIO_35_DLC_HEI4_MLR",
    "secondary_color": 120,
    "tire_can_burst": 0,
    "tire_smoke_color": [
        0,
        0,
        0
    ],
    "vehicle_attachments": [],
    "vehicle_extras": [],
    "vehicle_model_hash": 1118611807,
    "vehicle_window_tint": 1,
    "wheel_color": 140,
    "wheel_type": 10
}