{
    "": "TOGGLE",
    "MOD_ARMOR": [
        4,
        0
    ],
    "MOD_BRAKES": [
        2,
        0
    ],
    "MOD_ENGINE": [
        3,
        0
    ],
    "MOD_EXHAUST": [
        1,
        0
    ],
    "MOD_FRONTBUMPER": [
        2,
        0
    ],
    "MOD_FRONTWHEEL": [
        34,
        0
    ],
    "MOD_HOOD": [
        2,
        0
    ],
    "MOD_HORNS": [
        28,
        0
    ],
    "MOD_ROOF": [
        4,
        0
    ],
    "MOD_SPOILERS": [
        8,
        0
    ],
    "MOD_SUSPENSION": [
        4,
        0
    ],
    "MOD_TIRESMOKE": "TOGGLE",
    "MOD_TRANSMISSION": [
        2,
        0
    ],
    "MOD_TURBO": "TOGGLE",
    "MOD_XENONHEADLIGHTS": "TOGGLE",
    "clan_logo": 0,
    "custom_primary_color": [
        0,
        52,
        67
    ],
    "custom_secondary_color": [
        222,
        219,
        0
    ],
    "dash_color": 89,
    "drift_tires": 0,
    "has_collision": true,
    "headlight_color": 5,
    "interior_color": 7,
    "is_visible": true,
    "model_attachments": [],
    "neon_color": [
        222,
        219,
        0
    ],
    "neon_lights": [
        true,
        true,
        true,
        true
    ],
    "pearlescent_color": 2,
    "plate_text": "09JLC322",
    "plate_text_index": 0,
    "primary_color": 38,
    "radio_station": "RADIO_37_MOTOMAMI",
    "secondary_color": 8,
    "tire_can_burst": 0,
    "tire_smoke_color": [
        222,
        219,
        0
    ],
    "vehicle_attachments": [],
    "vehicle_extras": [],
    "vehicle_model_hash": 1939284556,
    "vehicle_window_tint": 6,
    "wheel_color": 0,
    "wheel_type": 0
}