{
    "MOD_ARMOR": [
        4,
        0
    ],
    "MOD_EXHAUST": [
        1,
        0
    ],
    "MOD_FRONTBUMPER": [
        0,
        0
    ],
    "MOD_FRONTWHEEL": [
        81,
        0
    ],
    "MOD_HOOD": [
        1,
        0
    ],
    "MOD_HORNS": [
        13,
        0
    ],
    "MOD_LIVERY": [
        13,
        0
    ],
    "MOD_SPOILERS": [
        2,
        0
    ],
    "MOD_TIRESMOKE": "TOGGLE",
    "MOD_TURBO": "TOGGLE",
    "MOD_XENONHEADLIGHTS": "TOGGLE",
    "clan_logo": 0,
    "dash_color": 28,
    "drift_tires": 0,
    "has_collision": true,
    "headlight_color": 8,
    "interior_color": 73,
    "is_visible": true,
    "model_attachments": [],
    "neon_color": [
        93,
        0,
        12
    ],
    "neon_lights": [
        true,
        true,
        true,
        true
    ],
    "pearlescent_color": 50,
    "plate_text": "48TYI450",
    "plate_text_index": 10,
    "primary_color": 12,
    "radio_station": "OFF",
    "secondary_color": 0,
    "tire_can_burst": 0,
    "tire_smoke_color": [
        255,
        255,
        255
    ],
    "vehicle_attachments": [],
    "vehicle_extras": [
        [
            1,
            false
        ],
        [
            2,
            false
        ],
        [
            10,
            false
        ]
    ],
    "vehicle_model_hash": 3253274834,
    "vehicle_window_tint": 1,
    "wheel_color": 31,
    "wheel_type": 10
}