{
    "": "TOGGLE",
    "MOD_ARMOR": [
        4,
        0
    ],
    "MOD_BRAKES": [
        2,
        0
    ],
    "MOD_ENGINE": [
        3,
        0
    ],
    "MOD_FRONTWHEEL": [
        32,
        0
    ],
    "MOD_HORNS": [
        1,
        0
    ],
    "MOD_SUSPENSION": [
        3,
        0
    ],
    "MOD_TRANSMISSION": [
        2,
        0
    ],
    "MOD_TURBO": "TOGGLE",
    "MOD_XENONHEADLIGHTS": "TOGGLE",
    "clan_logo": 0,
    "custom_primary_color": [
        255,
        0,
        0
    ],
    "custom_secondary_color": [
        255,
        0,
        0
    ],
    "dash_color": 150,
    "has_collision": true,
    "headlight_color": 8,
    "interior_color": 150,
    "is_invincible": false,
    "is_visible": true,
    "model_attachments": [],
    "neon_color": [
        220,
        61,
        61
    ],
    "neon_lights": [
        true,
        true,
        true,
        true
    ],
    "pearlescent_color": 5,
    "plate_text": " TESSIO ",
    "plate_text_index": 4,
    "primary_color": 30,
    "radio_station": "RADIO_07_DANCE_01",
    "secondary_color": 120,
    "tire_smoke_color": [
        255,
        0,
        0
    ],
    "vehicle_attachments": [],
    "vehicle_extras": [
        [
            10,
            true
        ],
        [
            11,
            false
        ]
    ],
    "vehicle_model_hash": 4278019151,
    "vehicle_window_tint": 1,
    "wheel_color": 143,
    "wheel_type": 4
}