{
    "MOD_AIRFILTER": [
        5,
        0
    ],
    "MOD_ARMOR": [
        4,
        0
    ],
    "MOD_BRAKES": [
        2,
        0
    ],
    "MOD_DASHBOARD": [
        1,
        0
    ],
    "MOD_DOORSPEAKERS": [
        1,
        0
    ],
    "MOD_ENGINE": [
        3,
        0
    ],
    "MOD_ENGINEBLOCK": [
        4,
        0
    ],
    "MOD_FRONTWHEEL": [
        20,
        0
    ],
    "MOD_GRILLE": [
        1,
        0
    ],
    "MOD_LIVERY": [
        11,
        0
    ],
    "MOD_REARBUMPER": [
        8,
        0
    ],
    "MOD_SEATS": [
        2,
        0
    ],
    "MOD_SIDESKIRT": [
        7,
        0
    ],
    "MOD_STEERINGWHEELS": [
        13,
        0
    ],
    "MOD_STRUTS": [
        6,
        0
    ],
    "MOD_SUSPENSION": [
        1,
        0
    ],
    "MOD_TIRESMOKE": "TOGGLE",
    "MOD_TRANSMISSION": [
        2,
        0
    ],
    "MOD_TURBO": "TOGGLE",
    "MOD_WINDOWS": [
        4,
        0
    ],
    "MOD_XENONHEADLIGHTS": "TOGGLE",
    "clan_logo": 0,
    "dash_color": 111,
    "drift_tires": 0,
    "has_collision": true,
    "headlight_color": 255,
    "interior_color": 13,
    "is_visible": true,
    "model_attachments": [],
    "neon_color": [
        255,
        0,
        255
    ],
    "neon_lights": [
        false,
        false,
        false,
        false
    ],
    "pearlescent_color": 0,
    "plate_text": " TOWERS ",
    "plate_text_index": 4,
    "primary_color": 111,
    "radio_station": "RADIO_37_MOTOMAMI",
    "secondary_color": 111,
    "tire_can_burst": 0,
    "tire_smoke_color": [
        20,
        20,
        20
    ],
    "vehicle_attachments": [],
    "vehicle_extras": [],
    "vehicle_model_hash": 2938086457,
    "vehicle_window_tint": 1,
    "wheel_color": 156,
    "wheel_type": 2
}