{
    "MOD_AERIALS": [
        0,
        0
    ],
    "MOD_AIRFILTER": [
        3,
        0
    ],
    "MOD_ARCHCOVER": [
        5,
        0
    ],
    "MOD_ARMOR": [
        4,
        0
    ],
    "MOD_BRAKES": [
        2,
        0
    ],
    "MOD_ENGINE": [
        3,
        0
    ],
    "MOD_EXHAUST": [
        3,
        0
    ],
    "MOD_FRAME": [
        2,
        0
    ],
    "MOD_FRONTBUMPER": [
        0,
        0
    ],
    "MOD_FRONTWHEEL": [
        110,
        0
    ],
    "MOD_GRILLE": [
        2,
        0
    ],
    "MOD_HOOD": [
        5,
        0
    ],
    "MOD_HORNS": [
        3,
        0
    ],
    "MOD_LIVERY": [
        16,
        0
    ],
    "MOD_REARBUMPER": [
        0,
        0
    ],
    "MOD_ROOF": [
        2,
        0
    ],
    "MOD_SPOILERS": [
        1,
        0
    ],
    "MOD_SUSPENSION": [
        0,
        0
    ],
    "MOD_TANK": [
        1,
        0
    ],
    "MOD_TIRESMOKE": "TOGGLE",
    "MOD_TRANSMISSION": [
        2,
        0
    ],
    "MOD_TURBO": "TOGGLE",
    "MOD_XENONHEADLIGHTS": "TOGGLE",
    "clan_logo": 0,
    "dash_color": 111,
    "drift_tires": 0,
    "has_collision": true,
    "headlight_color": 9,
    "interior_color": 0,
    "is_visible": true,
    "model_attachments": [],
    "neon_color": [
        255,
        50,
        100
    ],
    "neon_lights": [
        true,
        true,
        true,
        true
    ],
    "pearlescent_color": 145,
    "plate_text": "JUANSEE ",
    "plate_text_index": 1,
    "primary_color": 141,
    "radio_station": "OFF",
    "secondary_color": 111,
    "tire_can_burst": 1,
    "tire_smoke_color": [
        203,
        54,
        148
    ],
    "vehicle_attachments": [],
    "vehicle_extras": [],
    "vehicle_model_hash": 2600885406,
    "vehicle_window_tint": 1,
    "wheel_color": 111,
    "wheel_type": 8
}