{
    "": "TOGGLE",
    "MOD_ARMOR": [
        4,
        0
    ],
    "MOD_BRAKES": [
        2,
        0
    ],
    "MOD_ENGINE": [
        3,
        0
    ],
    "MOD_EXHAUST": [
        6,
        0
    ],
    "MOD_FRAME": [
        0,
        0
    ],
    "MOD_FRONTBUMPER": [
        3,
        0
    ],
    "MOD_FRONTWHEEL": [
        54,
        0
    ],
    "MOD_GRILLE": [
        4,
        0
    ],
    "MOD_HOOD": [
        3,
        0
    ],
    "MOD_HORNS": [
        40,
        0
    ],
    "MOD_ORNAMENTS": [
        5,
        0
    ],
    "MOD_RIGHTFENDER": [
        0,
        0
    ],
    "MOD_ROOF": [
        8,
        0
    ],
    "MOD_SIDESKIRT": [
        1,
        0
    ],
    "MOD_SPOILERS": [
        7,
        0
    ],
    "MOD_SUSPENSION": [
        3,
        0
    ],
    "MOD_TANK": [
        0,
        0
    ],
    "MOD_TIRESMOKE": "TOGGLE",
    "MOD_TRANSMISSION": [
        2,
        0
    ],
    "MOD_TRIM": [
        1,
        0
    ],
    "MOD_TURBO": "TOGGLE",
    "MOD_XENONHEADLIGHTS": "TOGGLE",
    "clan_logo": 0,
    "custom_primary_color": [
        249,
        58,
        9
    ],
    "custom_secondary_color": [
        153,
        77,
        2
    ],
    "dash_color": 138,
    "drift_tires": 0,
    "has_collision": true,
    "headlight_color": 7,
    "interior_color": 138,
    "is_visible": true,
    "model_attachments": [],
    "neon_color": [
        255,
        62,
        0
    ],
    "neon_lights": [
        true,
        true,
        true,
        true
    ],
    "pearlescent_color": 160,
    "plate_text": " FRANXU ",
    "plate_text_index": 5,
    "primary_color": 117,
    "radio_station": "RADIO_21_DLC_XM17",
    "secondary_color": 117,
    "tire_can_burst": 0,
    "tire_smoke_color": [
        255,
        127,
        0
    ],
    "vehicle_attachments": [],
    "vehicle_extras": [],
    "vehicle_model_hash": 3675036420,
    "vehicle_window_tint": 6,
    "wheel_color": 138,
    "wheel_type": 8
}