{
    "MOD_ARMOR": [
        4,
        0
    ],
    "MOD_BRAKES": [
        3,
        0
    ],
    "MOD_ENGINE": [
        3,
        0
    ],
    "MOD_EXHAUST": [
        1,
        0
    ],
    "MOD_FENDER": [
        1,
        0
    ],
    "MOD_FRONTBUMPER": [
        3,
        0
    ],
    "MOD_FRONTWHEEL": [
        107,
        0
    ],
    "MOD_GRILLE": [
        1,
        0
    ],
    "MOD_HORNS": [
        51,
        0
    ],
    "MOD_LIVERY": [
        4,
        0
    ],
    "MOD_ROOF": [
        3,
        0
    ],
    "MOD_SIDESKIRT": [
        0,
        0
    ],
    "MOD_SPOILERS": [
        0,
        0
    ],
    "MOD_TIRESMOKE": "TOGGLE",
    "MOD_TRANSMISSION": [
        3,
        0
    ],
    "MOD_TURBO": "TOGGLE",
    "MOD_XENONHEADLIGHTS": "TOGGLE",
    "clan_logo": 0,
    "custom_primary_color": [
        255,
        77,
        77
    ],
    "dash_color": 156,
    "drift_tires": 0,
    "has_collision": true,
    "headlight_color": 9,
    "interior_color": 8,
    "is_visible": true,
    "model_attachments": [],
    "neon_color": [
        216,
        90,
        76
    ],
    "neon_lights": [
        true,
        true,
        true,
        true
    ],
    "pearlescent_color": 89,
    "plate_text": "DOGONPAI",
    "plate_text_index": 5,
    "primary_color": 29,
    "radio_station": "RADIO_18_90S_ROCK",
    "secondary_color": 111,
    "tire_can_burst": 0,
    "tire_smoke_color": [
        0,
        0,
        0
    ],
    "vehicle_attachments": [],
    "vehicle_extras": [
        [
            1,
            false
        ],
        [
            2,
            false
        ],
        [
            3,
            false
        ],
        [
            4,
            false
        ],
        [
            5,
            false
        ],
        [
            6,
            false
        ],
        [
            7,
            false
        ],
        [
            8,
            false
        ],
        [
            11,
            false
        ]
    ],
    "vehicle_model_hash": 1181339704,
    "vehicle_window_tint": 1,
    "wheel_color": 122,
    "wheel_type": 8
}