{
    "MOD_ARMOR": [
        4,
        0
    ],
    "MOD_BRAKES": [
        3,
        0
    ],
    "MOD_ENGINE": [
        3,
        0
    ],
    "MOD_EXHAUST": [
        0,
        0
    ],
    "MOD_FRONTBUMPER": [
        5,
        0
    ],
    "MOD_FRONTWHEEL": [
        107,
        0
    ],
    "MOD_GRILLE": [
        4,
        0
    ],
    "MOD_LIVERY": [
        3,
        0
    ],
    "MOD_SIDESKIRT": [
        1,
        0
    ],
    "MOD_SPOILERS": [
        11,
        0
    ],
    "MOD_TIRESMOKE": "TOGGLE",
    "MOD_TRANSMISSION": [
        3,
        0
    ],
    "MOD_TURBO": "TOGGLE",
    "clan_logo": 0,
    "custom_primary_color": [
        212,
        255,
        127
    ],
    "custom_secondary_color": [
        212,
        255,
        127
    ],
    "dash_color": 0,
    "drift_tires": 0,
    "has_collision": true,
    "headlight_color": 255,
    "interior_color": 1,
    "is_visible": true,
    "model_attachments": [],
    "neon_color": [
        0,
        0,
        0
    ],
    "neon_lights": [
        false,
        false,
        false,
        false
    ],
    "pearlescent_color": 89,
    "plate_text": "28WGU180",
    "plate_text_index": 0,
    "primary_color": 88,
    "radio_station": "RADIO_16_SILVERLAKE",
    "secondary_color": 88,
    "tire_can_burst": 0,
    "tire_smoke_color": [
        0,
        0,
        0
    ],
    "vehicle_attachments": [],
    "vehicle_extras": [
        [
            1,
            false
        ],
        [
            2,
            false
        ],
        [
            3,
            false
        ],
        [
            4,
            false
        ],
        [
            5,
            false
        ],
        [
            6,
            false
        ],
        [
            7,
            false
        ],
        [
            8,
            false
        ]
    ],
    "vehicle_model_hash": 340154634,
    "vehicle_window_tint": 1,
    "wheel_color": 122,
    "wheel_type": 8
}