{
    "MOD_ARMOR": [
        4,
        0
    ],
    "MOD_BRAKES": [
        2,
        0
    ],
    "MOD_ENGINE": [
        3,
        0
    ],
    "MOD_EXHAUST": [
        4,
        0
    ],
    "MOD_FENDER": [
        2,
        0
    ],
    "MOD_FRONTBUMPER": [
        7,
        0
    ],
    "MOD_FRONTWHEEL": [
        85,
        0
    ],
    "MOD_HOOD": [
        12,
        0
    ],
    "MOD_HORNS": [
        40,
        0
    ],
    "MOD_LIVERY": [
        3,
        0
    ],
    "MOD_REARBUMPER": [
        9,
        0
    ],
    "MOD_SIDESKIRT": [
        9,
        0
    ],
    "MOD_SPOILERS": [
        4,
        0
    ],
    "MOD_SUSPENSION": [
        3,
        0
    ],
    "MOD_TIRESMOKE": "TOGGLE",
    "MOD_TRANSMISSION": [
        2,
        0
    ],
    "MOD_TURBO": "TOGGLE",
    "MOD_VANITYPLATES": [
        4,
        0
    ],
    "MOD_XENONHEADLIGHTS": "TOGGLE",
    "clan_logo": 0,
    "convertable_state": 0,
    "custom_primary_color": [
        20,
        0,
        0
    ],
    "custom_secondary_color": [
        73,
        14,
        0
    ],
    "dash_color": 150,
    "drift_tires": 0,
    "has_collision": true,
    "headlight_color": 8,
    "interior_color": 35,
    "is_visible": true,
    "model_attachments": [],
    "neon_color": [
        255,
        0,
        0
    ],
    "neon_lights": [
        true,
        true,
        true,
        true
    ],
    "pearlescent_color": 44,
    "plate_text": "TAL D BR",
    "plate_text_index": 6,
    "primary_color": 161,
    "radio_station": "RADIO_02_POP",
    "secondary_color": 0,
    "tire_can_burst": 0,
    "tire_smoke_color": [
        255,
        0,
        0
    ],
    "vehicle_attachments": [],
    "vehicle_extras": [],
    "vehicle_model_hash": 1141395928,
    "vehicle_window_tint": 1,
    "wheel_color": 0,
    "wheel_type": 10
}