{
    "MOD_ARMOR": [
        4,
        0
    ],
    "MOD_BRAKES": [
        2,
        0
    ],
    "MOD_ENGINE": [
        3,
        0
    ],
    "MOD_EXHAUST": [
        5,
        0
    ],
    "MOD_FRONTBUMPER": [
        1,
        0
    ],
    "MOD_FRONTWHEEL": [
        118,
        0
    ],
    "MOD_GRILLE": [
        2,
        0
    ],
    "MOD_HOOD": [
        3,
        0
    ],
    "MOD_HORNS": [
        40,
        0
    ],
    "MOD_REARBUMPER": [
        3,
        0
    ],
    "MOD_RIGHTFENDER": [
        5,
        0
    ],
    "MOD_SPOILERS": [
        6,
        0
    ],
    "MOD_SUSPENSION": [
        3,
        0
    ],
    "MOD_TIRESMOKE": "TOGGLE",
    "MOD_TRANSMISSION": [
        2,
        0
    ],
    "MOD_TURBO": "TOGGLE",
    "MOD_XENONHEADLIGHTS": "TOGGLE",
    "clan_logo": 0,
    "custom_primary_color": [
        45,
        0,
        145
    ],
    "custom_secondary_color": [
        255,
        255,
        255
    ],
    "dash_color": 0,
    "drift_tires": 0,
    "has_collision": true,
    "headlight_color": 11,
    "interior_color": 134,
    "is_visible": true,
    "model_attachments": [],
    "neon_color": [
        60,
        0,
        255
    ],
    "neon_lights": [
        true,
        true,
        true,
        true
    ],
    "pearlescent_color": 140,
    "plate_text": "D BRUTAL",
    "plate_text_index": 10,
    "primary_color": 161,
    "radio_station": "RADIO_02_POP",
    "secondary_color": 161,
    "tire_can_burst": 0,
    "tire_smoke_color": [
        120,
        0,
        255
    ],
    "vehicle_attachments": [],
    "vehicle_extras": [
        [
            1,
            true
        ]
    ],
    "vehicle_model_hash": 2336538363,
    "vehicle_window_tint": 0,
    "wheel_color": 134,
    "wheel_type": 8
}