{
    "MOD_ARMOR": [
        4,
        0
    ],
    "MOD_BRAKES": [
        2,
        0
    ],
    "MOD_ENGINE": [
        3,
        0
    ],
    "MOD_FRONTWHEEL": [
        121,
        0
    ],
    "MOD_HORNS": [
        40,
        0
    ],
    "MOD_LIVERY": [
        6,
        0
    ],
    "MOD_SIDESKIRT": [
        3,
        0
    ],
    "MOD_SPOILERS": [
        4,
        0
    ],
    "MOD_SUSPENSION": [
        2,
        0
    ],
    "MOD_TIRESMOKE": "TOGGLE",
    "MOD_TURBO": "TOGGLE",
    "MOD_XENONHEADLIGHTS": "TOGGLE",
    "clan_logo": 0,
    "custom_primary_color": [
        69,
        230,
        0
    ],
    "custom_secondary_color": [
        78,
        40,
        208
    ],
    "dash_color": 139,
    "drift_tires": 0,
    "has_collision": true,
    "headlight_color": 12,
    "interior_color": 139,
    "is_visible": true,
    "model_attachments": [],
    "neon_color": [
        15,
        3,
        255
    ],
    "neon_lights": [
        true,
        true,
        true,
        true
    ],
    "pearlescent_color": 38,
    "plate_text": "BRUTAL D",
    "plate_text_index": 10,
    "primary_color": 12,
    "radio_station": "RADIO_07_DANCE_01",
    "secondary_color": 134,
    "tire_can_burst": 0,
    "tire_smoke_color": [
        140,
        0,
        255
    ],
    "vehicle_attachments": [],
    "vehicle_extras": [],
    "vehicle_model_hash": 1392481335,
    "vehicle_window_tint": 1,
    "wheel_color": 134,
    "wheel_type": 8
}