{
    "MOD_ARMOR": [
        4,
        0
    ],
    "MOD_BRAKES": [
        2,
        0
    ],
    "MOD_ENGINE": [
        3,
        0
    ],
    "MOD_FRONTBUMPER": [
        1,
        0
    ],
    "MOD_FRONTWHEEL": [
        19,
        0
    ],
    "MOD_SPOILERS": [
        4,
        0
    ],
    "MOD_SUSPENSION": [
        3,
        0
    ],
    "MOD_TRANSMISSION": [
        2,
        0
    ],
    "MOD_TURBO": "TOGGLE",
    "MOD_XENONHEADLIGHTS": "TOGGLE",
    "clan_logo": 0,
    "custom_secondary_color": [
        0,
        121,
        68
    ],
    "dash_color": 111,
    "has_collision": true,
    "headlight_color": 255,
    "interior_color": 3,
    "is_invincible": false,
    "is_visible": true,
    "model_attachments": [],
    "neon_color": [
        0,
        121,
        68
    ],
    "neon_lights": [
        true,
        true,
        true,
        true
    ],
    "pearlescent_color": 5,
    "plate_text": "28WVV505",
    "plate_text_index": 1,
    "primary_color": 136,
    "radio_station": "RADIO_34_DLC_HEI4_KULT",
    "secondary_color": 0,
    "tire_smoke_color": [
        255,
        255,
        255
    ],
    "vehicle_attachments": [],
    "vehicle_extras": [],
    "vehicle_model_hash": 1483171323,
    "vehicle_window_tint": 1,
    "wheel_color": 156,
    "wheel_type": 10
}