{
    "MOD_ARMOR": [
        4,
        0
    ],
    "MOD_BRAKES": [
        2,
        0
    ],
    "MOD_ENGINE": [
        3,
        0
    ],
    "MOD_EXHAUST": [
        2,
        0
    ],
    "MOD_FRONTBUMPER": [
        4,
        0
    ],
    "MOD_FRONTWHEEL": [
        118,
        0
    ],
    "MOD_GRILLE": [
        7,
        0
    ],
    "MOD_HOOD": [
        4,
        0
    ],
    "MOD_HORNS": [
        40,
        0
    ],
    "MOD_REARBUMPER": [
        2,
        0
    ],
    "MOD_ROOF": [
        0,
        0
    ],
    "MOD_SPOILERS": [
        7,
        0
    ],
    "MOD_SUSPENSION": [
        4,
        0
    ],
    "MOD_TIRESMOKE": "TOGGLE",
    "MOD_TRANSMISSION": [
        3,
        0
    ],
    "MOD_TURBO": "TOGGLE",
    "MOD_XENONHEADLIGHTS": "TOGGLE",
    "clan_logo": 0,
    "custom_primary_color": [
        2,
        0,
        25
    ],
    "custom_secondary_color": [
        88,
        112,
        161
    ],
    "dash_color": 83,
    "drift_tires": 0,
    "has_collision": true,
    "headlight_color": 10,
    "interior_color": 83,
    "is_visible": true,
    "model_attachments": [],
    "neon_color": [
        255,
        0,
        255
    ],
    "neon_lights": [
        true,
        true,
        true,
        true
    ],
    "pearlescent_color": 135,
    "plate_text": "L D BRUT",
    "plate_text_index": 7,
    "primary_color": 161,
    "radio_station": "RADIO_01_CLASS_ROCK",
    "secondary_color": 120,
    "tire_can_burst": 0,
    "tire_smoke_color": [
        255,
        0,
        255
    ],
    "vehicle_attachments": [],
    "vehicle_extras": [
        [
            1,
            false
        ],
        [
            2,
            false
        ]
    ],
    "vehicle_model_hash": 1279262537,
    "vehicle_window_tint": 1,
    "wheel_color": 135,
    "wheel_type": 8
}