{
    "": "TOGGLE",
    "MOD_ARMOR": [
        4,
        0
    ],
    "MOD_BRAKES": [
        2,
        0
    ],
    "MOD_ENGINE": [
        3,
        0
    ],
    "MOD_EXHAUST": [
        4,
        0
    ],
    "MOD_FENDER": [
        0,
        0
    ],
    "MOD_FRAME": [
        2,
        0
    ],
    "MOD_FRONTBUMPER": [
        5,
        0
    ],
    "MOD_FRONTWHEEL": [
        56,
        0
    ],
    "MOD_GRILLE": [
        10,
        0
    ],
    "MOD_HOOD": [
        18,
        0
    ],
    "MOD_HORNS": [
        38,
        0
    ],
    "MOD_REARBUMPER": [
        3,
        0
    ],
    "MOD_ROOF": [
        0,
        0
    ],
    "MOD_SUSPENSION": [
        3,
        0
    ],
    "MOD_TIRESMOKE": "TOGGLE",
    "MOD_TRANSMISSION": [
        2,
        0
    ],
    "MOD_TURBO": "TOGGLE",
    "MOD_XENONHEADLIGHTS": "TOGGLE",
    "clan_logo": 0,
    "convertable_state": 0,
    "dash_color": 144,
    "drift_tires": 0,
    "has_collision": true,
    "headlight_color": 4,
    "interior_color": 144,
    "is_visible": true,
    "model_attachments": [],
    "neon_color": [
        94,
        255,
        1
    ],
    "neon_lights": [
        true,
        true,
        true,
        true
    ],
    "pearlescent_color": 160,
    "plate_text": " FRANXU ",
    "plate_text_index": 5,
    "primary_color": 133,
    "radio_station": "RADIO_04_PUNK",
    "secondary_color": 116,
    "tire_can_burst": 0,
    "tire_smoke_color": [
        114,
        204,
        114
    ],
    "vehicle_attachments": [],
    "vehicle_extras": [],
    "vehicle_model_hash": 3853757601,
    "vehicle_window_tint": 6,
    "wheel_color": 49,
    "wheel_type": 8
}