{
    "": [
        10,
        0
    ],
    "MOD_AIRFILTER": [
        24,
        0
    ],
    "MOD_ARCHCOVER": [
        1,
        0
    ],
    "MOD_ARMOR": [
        4,
        0
    ],
    "MOD_BRAKES": [
        2,
        0
    ],
    "MOD_DASHBOARD": [
        3,
        0
    ],
    "MOD_DIALDESIGN": [
        5,
        0
    ],
    "MOD_DOORSPEAKERS": [
        4,
        0
    ],
    "MOD_ENGINE": [
        3,
        0
    ],
    "MOD_ENGINEBLOCK": [
        3,
        0
    ],
    "MOD_EXHAUST": [
        5,
        0
    ],
    "MOD_FENDER": [
        0,
        0
    ],
    "MOD_FRAME": [
        3,
        0
    ],
    "MOD_FRONTBUMPER": [
        13,
        0
    ],
    "MOD_FRONTWHEEL": [
        118,
        0
    ],
    "MOD_GRILLE": [
        2,
        0
    ],
    "MOD_HOOD": [
        14,
        0
    ],
    "MOD_HORNS": [
        34,
        0
    ],
    "MOD_LIVERY": [
        7,
        0
    ],
    "MOD_REARBUMPER": [
        12,
        0
    ],
    "MOD_RIGHTFENDER": [
        1,
        0
    ],
    "MOD_SEATS": [
        12,
        0
    ],
    "MOD_SIDESKIRT": [
        17,
        0
    ],
    "MOD_SPOILERS": [
        21,
        0
    ],
    "MOD_STEERINGWHEELS": [
        11,
        0
    ],
    "MOD_STRUTS": [
        15,
        0
    ],
    "MOD_SUSPENSION": [
        3,
        0
    ],
    "MOD_TANK": [
        0,
        0
    ],
    "MOD_TIRESMOKE": "TOGGLE",
    "MOD_TRANSMISSION": [
        2,
        0
    ],
    "MOD_TURBO": "TOGGLE",
    "MOD_WINDOWS": [
        1,
        0
    ],
    "MOD_XENONHEADLIGHTS": "TOGGLE",
    "clan_logo": 0,
    "custom_primary_color": [
        255,
        0,
        180
    ],
    "custom_secondary_color": [
        255,
        0,
        180
    ],
    "dash_color": 111,
    "drift_tires": 0,
    "has_collision": true,
    "headlight_color": 10,
    "interior_color": 111,
    "is_visible": true,
    "model_attachments": [],
    "neon_color": [
        255,
        0,
        238
    ],
    "neon_lights": [
        true,
        true,
        true,
        true
    ],
    "pearlescent_color": 111,
    "plate_text": "01YDS525",
    "plate_text_index": 0,
    "primary_color": 4,
    "radio_station": "RADIO_14_DANCE_02",
    "secondary_color": 4,
    "tire_can_burst": 0,
    "tire_smoke_color": [
        0,
        0,
        0
    ],
    "vehicle_attachments": [],
    "vehicle_extras": [],
    "vehicle_model_hash": 426742808,
    "vehicle_window_tint": 1,
    "wheel_color": 135,
    "wheel_type": 8
}