{
    "MOD_ARMOR": [
        4,
        0
    ],
    "MOD_BRAKES": [
        2,
        0
    ],
    "MOD_ENGINE": [
        3,
        0
    ],
    "MOD_EXHAUST": [
        8,
        0
    ],
    "MOD_FENDER": [
        4,
        0
    ],
    "MOD_FRAME": [
        5,
        0
    ],
    "MOD_FRONTBUMPER": [
        17,
        0
    ],
    "MOD_FRONTWHEEL": [
        27,
        0
    ],
    "MOD_GRILLE": [
        5,
        0
    ],
    "MOD_HORNS": [
        9,
        0
    ],
    "MOD_LIVERY": [
        7,
        0
    ],
    "MOD_REARBUMPER": [
        1,
        0
    ],
    "MOD_RIGHTFENDER": [
        4,
        0
    ],
    "MOD_ROOF": [
        1,
        0
    ],
    "MOD_SPOILERS": [
        2,
        0
    ],
    "MOD_SUSPENSION": [
        2,
        0
    ],
    "MOD_TIRESMOKE": "TOGGLE",
    "MOD_TRANSMISSION": [
        1,
        0
    ],
    "MOD_TURBO": "TOGGLE",
    "MOD_XENONHEADLIGHTS": "TOGGLE",
    "clan_logo": 0,
    "dash_color": 0,
    "drift_tires": 0,
    "has_collision": true,
    "headlight_color": 0,
    "interior_color": 1,
    "is_visible": true,
    "model_attachments": [],
    "neon_color": [
        255,
        5,
        190
    ],
    "neon_lights": [
        true,
        true,
        true,
        true
    ],
    "pearlescent_color": 0,
    "plate_text": "40TII940",
    "plate_text_index": 0,
    "primary_color": 111,
    "radio_station": "RADIO_34_DLC_HEI4_KULT",
    "secondary_color": 84,
    "tire_can_burst": 0,
    "tire_smoke_color": [
        0,
        174,
        239
    ],
    "vehicle_attachments": [],
    "vehicle_extras": [],
    "vehicle_model_hash": 3526730918,
    "vehicle_window_tint": 0,
    "wheel_color": 140,
    "wheel_type": 4
}