{
    "": "TOGGLE",
    "MOD_ARMOR": [
        4,
        0
    ],
    "MOD_BRAKES": [
        2,
        0
    ],
    "MOD_ENGINE": [
        3,
        0
    ],
    "MOD_EXHAUST": [
        1,
        0
    ],
    "MOD_FENDER": [
        0,
        0
    ],
    "MOD_FRONTBUMPER": [
        1,
        0
    ],
    "MOD_FRONTWHEEL": [
        117,
        0
    ],
    "MOD_HORNS": [
        40,
        0
    ],
    "MOD_ROOF": [
        1,
        0
    ],
    "MOD_TIRESMOKE": "TOGGLE",
    "MOD_TRANSMISSION": [
        2,
        0
    ],
    "MOD_TURBO": "TOGGLE",
    "MOD_XENONHEADLIGHTS": "TOGGLE",
    "clan_logo": 0,
    "custom_primary_color": [
        82,
        211,
        39
    ],
    "custom_secondary_color": [
        82,
        211,
        39
    ],
    "dash_color": 0,
    "drift_tires": 0,
    "has_collision": true,
    "headlight_color": 4,
    "interior_color": 0,
    "is_visible": true,
    "model_attachments": [],
    "neon_color": [
        44,
        255,
        0
    ],
    "neon_lights": [
        true,
        true,
        true,
        true
    ],
    "pearlescent_color": 88,
    "plate_text": "DOGONPAI",
    "plate_text_index": 12,
    "primary_color": 116,
    "radio_station": "RADIO_36_AUDIOPLAYER",
    "secondary_color": 48,
    "tire_can_burst": 0,
    "tire_smoke_color": [
        0,
        0,
        0
    ],
    "vehicle_attachments": [],
    "vehicle_extras": [
        [
            11,
            false
        ],
        [
            12,
            true
        ]
    ],
    "vehicle_model_hash": 3900892662,
    "vehicle_window_tint": 1,
    "wheel_color": 92,
    "wheel_type": 8
}