{
    "": "TOGGLE",
    "MOD_ARMOR": [
        4,
        0
    ],
    "MOD_BRAKES": [
        2,
        0
    ],
    "MOD_ENGINE": [
        3,
        0
    ],
    "MOD_EXHAUST": [
        0,
        0
    ],
    "MOD_FENDER": [
        1,
        0
    ],
    "MOD_FRAME": [
        11,
        0
    ],
    "MOD_FRONTBUMPER": [
        8,
        0
    ],
    "MOD_GRILLE": [
        6,
        0
    ],
    "MOD_HOOD": [
        9,
        0
    ],
    "MOD_LIVERY": [
        6,
        0
    ],
    "MOD_REARBUMPER": [
        4,
        0
    ],
    "MOD_RIGHTFENDER": [
        1,
        0
    ],
    "MOD_SIDESKIRT": [
        11,
        0
    ],
    "MOD_SPOILERS": [
        2,
        0
    ],
    "MOD_SUSPENSION": [
        3,
        0
    ],
    "MOD_TRANSMISSION": [
        2,
        0
    ],
    "MOD_TURBO": "TOGGLE",
    "MOD_XENONHEADLIGHTS": "TOGGLE",
    "clan_logo": 0,
    "custom_primary_color": [
        65,
        64,
        93
    ],
    "custom_secondary_color": [
        65,
        64,
        93
    ],
    "dash_color": 136,
    "has_collision": true,
    "headlight_color": 10,
    "interior_color": 136,
    "is_invincible": false,
    "is_visible": true,
    "model_attachments": [],
    "neon_color": [
        255,
        5,
        190
    ],
    "neon_lights": [
        true,
        true,
        true,
        true
    ],
    "pearlescent_color": 137,
    "plate_text": "47MCE702",
    "plate_text_index": 1,
    "primary_color": 1,
    "radio_station": "RADIO_36_AUDIOPLAYER",
    "secondary_color": 1,
    "tire_smoke_color": [
        203,
        54,
        148
    ],
    "vehicle_attachments": [],
    "vehicle_extras": [],
    "vehicle_model_hash": 3663644634,
    "vehicle_window_tint": 1,
    "wheel_color": 136,
    "wheel_type": 0
}