{
    "": "TOGGLE",
    "MOD_AERIALS": [
        4,
        0
    ],
    "MOD_AIRFILTER": [
        6,
        0
    ],
    "MOD_ARMOR": [
        4,
        0
    ],
    "MOD_BRAKES": [
        2,
        0
    ],
    "MOD_DASHBOARD": [
        4,
        0
    ],
    "MOD_DIALDESIGN": [
        14,
        0
    ],
    "MOD_DOORSPEAKERS": [
        3,
        0
    ],
    "MOD_ENGINE": [
        3,
        0
    ],
    "MOD_ENGINEBLOCK": [
        2,
        0
    ],
    "MOD_EXHAUST": [
        6,
        0
    ],
    "MOD_FENDER": [
        2,
        0
    ],
    "MOD_FRAME": [
        4,
        0
    ],
    "MOD_FRONTBUMPER": [
        2,
        0
    ],
    "MOD_FRONTWHEEL": [
        3,
        1
    ],
    "MOD_GRILLE": [
        1,
        0
    ],
    "MOD_HOOD": [
        2,
        0
    ],
    "MOD_LIVERY": [
        1,
        0
    ],
    "MOD_PLATEHOLDER": [
        0,
        0
    ],
    "MOD_REARBUMPER": [
        1,
        0
    ],
    "MOD_ROOF": [
        3,
        0
    ],
    "MOD_SEATS": [
        13,
        0
    ],
    "MOD_SIDESKIRT": [
        3,
        0
    ],
    "MOD_SPOILERS": [
        12,
        0
    ],
    "MOD_STEERINGWHEELS": [
        12,
        0
    ],
    "MOD_STRUTS": [
        11,
        0
    ],
    "MOD_SUSPENSION": [
        2,
        0
    ],
    "MOD_TANK": [
        1,
        0
    ],
    "MOD_TRANSMISSION": [
        2,
        0
    ],
    "MOD_TRIMDESIGN": [
        0,
        0
    ],
    "MOD_TURBO": "TOGGLE",
    "MOD_VANITYPLATES": [
        3,
        0
    ],
    "MOD_XENONHEADLIGHTS": "TOGGLE",
    "clan_logo": 0,
    "custom_primary_color": [
        20,
        20,
        20
    ],
    "custom_secondary_color": [
        20,
        20,
        20
    ],
    "dash_color": 27,
    "has_collision": true,
    "headlight_color": 8,
    "interior_color": 27,
    "is_invincible": false,
    "is_visible": true,
    "model_attachments": [],
    "neon_color": [
        255,
        0,
        0
    ],
    "neon_lights": [
        true,
        true,
        true,
        true
    ],
    "pearlescent_color": 29,
    "plate_text": "BYE FCK ",
    "plate_text_index": 1,
    "primary_color": 79,
    "radio_station": "RADIO_16_SILVERLAKE",
    "secondary_color": 5,
    "tire_smoke_color": [
        226,
        6,
        6
    ],
    "vehicle_attachments": [],
    "vehicle_extras": [],
    "vehicle_model_hash": 196747873,
    "vehicle_window_tint": 1,
    "wheel_color": 27,
    "wheel_type": 0
}