{
    "MOD_ARCHCOVER": [
        2,
        0
    ],
    "MOD_ARMOR": [
        4,
        0
    ],
    "MOD_BRAKES": [
        2,
        0
    ],
    "MOD_ENGINE": [
        3,
        0
    ],
    "MOD_FENDER": [
        3,
        0
    ],
    "MOD_FRAME": [
        1,
        0
    ],
    "MOD_FRONTWHEEL": [
        109,
        0
    ],
    "MOD_GRILLE": [
        6,
        0
    ],
    "MOD_HOOD": [
        7,
        0
    ],
    "MOD_HORNS": [
        40,
        0
    ],
    "MOD_LIVERY": [
        1,
        0
    ],
    "MOD_REARBUMPER": [
        1,
        0
    ],
    "MOD_ROOF": [
        0,
        0
    ],
    "MOD_SIDESKIRT": [
        1,
        0
    ],
    "MOD_SPOILERS": [
        8,
        0
    ],
    "MOD_SUSPENSION": [
        3,
        0
    ],
    "MOD_TIRESMOKE": "TOGGLE",
    "MOD_TURBO": "TOGGLE",
    "MOD_XENONHEADLIGHTS": "TOGGLE",
    "clan_logo": 0,
    "custom_primary_color": [
        5,
        4,
        1
    ],
    "custom_secondary_color": [
        5,
        4,
        1
    ],
    "dash_color": 0,
    "drift_tires": 0,
    "has_collision": true,
    "headlight_color": 6,
    "interior_color": 111,
    "is_visible": true,
    "model_attachments": [],
    "neon_color": [
        160,
        127,
        62
    ],
    "neon_lights": [
        true,
        true,
        true,
        true
    ],
    "pearlescent_color": 88,
    "plate_text": "BRUTAL D",
    "plate_text_index": 11,
    "primary_color": 117,
    "radio_station": "RADIO_21_DLC_XM17",
    "secondary_color": 117,
    "tire_can_burst": 0,
    "tire_smoke_color": [
        142,
        113,
        55
    ],
    "vehicle_attachments": [],
    "vehicle_extras": [],
    "vehicle_model_hash": 1121330119,
    "vehicle_window_tint": 1,
    "wheel_color": 134,
    "wheel_type": 8
}