{
    "": "TOGGLE",
    "MOD_AERIALS": [
        0,
        0
    ],
    "MOD_AIRFILTER": [
        3,
        0
    ],
    "MOD_ARCHCOVER": [
        3,
        0
    ],
    "MOD_ARMOR": [
        4,
        0
    ],
    "MOD_BRAKES": [
        2,
        0
    ],
    "MOD_ENGINE": [
        3,
        0
    ],
    "MOD_EXHAUST": [
        2,
        0
    ],
    "MOD_FENDER": [
        3,
        0
    ],
    "MOD_FRAME": [
        2,
        0
    ],
    "MOD_FRONTBUMPER": [
        1,
        0
    ],
    "MOD_FRONTWHEEL": [
        0,
        0
    ],
    "MOD_GRILLE": [
        2,
        0
    ],
    "MOD_HORNS": [
        46,
        0
    ],
    "MOD_LIVERY": [
        7,
        0
    ],
    "MOD_ORNAMENTS": [
        2,
        0
    ],
    "MOD_REARBUMPER": [
        0,
        0
    ],
    "MOD_RIGHTFENDER": [
        4,
        0
    ],
    "MOD_ROOF": [
        0,
        0
    ],
    "MOD_SPOILERS": [
        6,
        0
    ],
    "MOD_STRUTS": [
        2,
        0
    ],
    "MOD_TANK": [
        1,
        0
    ],
    "MOD_TIRESMOKE": "TOGGLE",
    "MOD_TRANSMISSION": [
        3,
        0
    ],
    "MOD_TRIM": [
        0,
        0
    ],
    "MOD_TURBO": "TOGGLE",
    "clan_logo": 0,
    "custom_primary_color": [
        0,
        164,
        255
    ],
    "dash_color": 112,
    "drift_tires": 0,
    "has_collision": true,
    "headlight_color": 255,
    "interior_color": 160,
    "is_visible": true,
    "model_attachments": [],
    "neon_color": [
        222,
        222,
        255
    ],
    "neon_lights": [
        true,
        false,
        true,
        true
    ],
    "pearlescent_color": 111,
    "plate_text": "DOGONPAI",
    "plate_text_index": 0,
    "primary_color": 159,
    "radio_station": "RADIO_02_POP",
    "secondary_color": 111,
    "tire_can_burst": 0,
    "tire_smoke_color": [
        0,
        0,
        0
    ],
    "vehicle_attachments": [],
    "vehicle_extras": [],
    "vehicle_model_hash": 3188846534,
    "vehicle_window_tint": 1,
    "wheel_color": 122,
    "wheel_type": 10
}