{
    "MOD_ARMOR": [
        4,
        0
    ],
    "MOD_BRAKES": [
        2,
        0
    ],
    "MOD_ENGINE": [
        3,
        0
    ],
    "MOD_EXHAUST": [
        5,
        0
    ],
    "MOD_FENDER": [
        1,
        0
    ],
    "MOD_FRAME": [
        1,
        0
    ],
    "MOD_FRONTBUMPER": [
        4,
        0
    ],
    "MOD_FRONTWHEEL": [
        106,
        0
    ],
    "MOD_GRILLE": [
        10,
        0
    ],
    "MOD_HOOD": [
        13,
        0
    ],
    "MOD_HORNS": [
        44,
        0
    ],
    "MOD_LIVERY": [
        8,
        0
    ],
    "MOD_REARBUMPER": [
        7,
        0
    ],
    "MOD_RIGHTFENDER": [
        7,
        0
    ],
    "MOD_ROOF": [
        11,
        0
    ],
    "MOD_SIDESKIRT": [
        1,
        0
    ],
    "MOD_SPOILERS": [
        4,
        0
    ],
    "MOD_SUSPENSION": [
        3,
        0
    ],
    "MOD_TIRESMOKE": "TOGGLE",
    "MOD_TRANSMISSION": [
        2,
        0
    ],
    "MOD_TURBO": "TOGGLE",
    "MOD_XENONHEADLIGHTS": "TOGGLE",
    "clan_logo": 0,
    "custom_primary_color": [
        255,
        34,
        0
    ],
    "dash_color": 0,
    "drift_tires": 0,
    "has_collision": true,
    "headlight_color": 12,
    "interior_color": 145,
    "is_visible": true,
    "model_attachments": [],
    "neon_color": [
        15,
        3,
        255
    ],
    "neon_lights": [
        true,
        true,
        true,
        true
    ],
    "pearlescent_color": 0,
    "plate_text": "  999   ",
    "plate_text_index": 11,
    "primary_color": 1,
    "radio_station": "RADIO_34_DLC_HEI4_KULT",
    "secondary_color": 10,
    "tire_can_burst": 0,
    "tire_smoke_color": [
        132,
        102,
        226
    ],
    "vehicle_attachments": [],
    "vehicle_extras": [],
    "vehicle_model_hash": 3640468689,
    "vehicle_window_tint": 1,
    "wheel_color": 111,
    "wheel_type": 8
}