{
    "custom_primary_color": [
        116,
        181,
        216
    ],
    "custom_secondary_color": [
        196,
        29,
        115
    ],
    "drift_tires": 0,
    "has_collision": true,
    "is_visible": true,
    "model_attachments": [],
    "pearlescent_color": 139,
    "plate_text": "64XCI569",
    "plate_text_index": 0,
    "primary_color": 161,
    "radio_station": "RADIO_34_DLC_HEI4_KULT",
    "secondary_color": 0,
    "tire_can_burst": 0,
    "vehicle_attachments": [],
    "vehicle_extras": [],
    "vehicle_model_hash": 239897677,
    "vehicle_window_tint": 0,
    "wheel_color": 156
}