{
    "custom_primary_color": [
        92,
        5,
        163
    ],
    "custom_secondary_color": [
        92,
        5,
        163
    ],
    "drift_tires": 0,
    "has_collision": true,
    "is_visible": true,
    "model_attachments": [],
    "pearlescent_color": 10,
    "plate_text": "09FOF974",
    "plate_text_index": 0,
    "primary_color": 120,
    "radio_station": "RADIO_34_DLC_HEI4_KULT",
    "secondary_color": 120,
    "tire_can_burst": 0,
    "vehicle_attachments": [],
    "vehicle_extras": [],
    "vehicle_model_hash": 1565978651,
    "vehicle_window_tint": 0,
    "wheel_color": 134
}