{
    "custom_primary_color": [
        0,
        0,
        0
    ],
    "custom_secondary_color": [
        0,
        0,
        0
    ],
    "drift_tires": 0,
    "has_collision": true,
    "is_visible": true,
    "model_attachments": [],
    "pearlescent_color": 10,
    "plate_text": "48MIW404",
    "plate_text_index": 4,
    "primary_color": 0,
    "radio_station": "RADIO_34_DLC_HEI4_KULT",
    "secondary_color": 0,
    "tire_can_burst": 0,
    "vehicle_attachments": [],
    "vehicle_extras": [],
    "vehicle_model_hash": 3013282534,
    "vehicle_window_tint": 2,
    "wheel_color": 156
}