{
    "MOD_ARMOR": [
        4,
        0
    ],
    "MOD_BRAKES": [
        2,
        0
    ],
    "MOD_ENGINE": [
        3,
        0
    ],
    "MOD_FRONTWHEEL": [
        18,
        0
    ],
    "MOD_HOOD": [
        3,
        0
    ],
    "MOD_LIVERY": [
        0,
        0
    ],
    "MOD_SIDESKIRT": [
        0,
        0
    ],
    "MOD_SPOILERS": [
        0,
        0
    ],
    "MOD_SUSPENSION": [
        2,
        0
    ],
    "MOD_TRANSMISSION": [
        2,
        0
    ],
    "MOD_TURBO": "TOGGLE",
    "MOD_XENONHEADLIGHTS": "TOGGLE",
    "clan_logo": 0,
    "dash_color": 0,
    "drift_tires": 0,
    "has_collision": true,
    "headlight_color": 0,
    "interior_color": 1,
    "is_visible": true,
    "model_attachments": [],
    "neon_color": [
        0,
        0,
        0
    ],
    "neon_lights": [
        false,
        false,
        false,
        false
    ],
    "pearlescent_color": 111,
    "plate_text": "23MFO026",
    "plate_text_index": 1,
    "primary_color": 5,
    "radio_station": "RADIO_23_DLC_XM19_RADIO",
    "secondary_color": 14,
    "tire_can_burst": 1,
    "vehicle_attachments": [],
    "vehicle_extras": [],
    "vehicle_model_hash": 3675036420,
    "vehicle_window_tint": 1,
    "wheel_color": 1,
    "wheel_type": 12
}