{
    "": "TOGGLE",
    "MOD_BRAKES": [
        2,
        0
    ],
    "MOD_ENGINE": [
        3,
        0
    ],
    "MOD_EXHAUST": [
        4,
        0
    ],
    "MOD_FENDER": [
        0,
        0
    ],
    "MOD_FRAME": [
        23,
        0
    ],
    "MOD_FRONTBUMPER": [
        7,
        0
    ],
    "MOD_FRONTWHEEL": [
        84,
        0
    ],
    "MOD_GRILLE": [
        1,
        0
    ],
    "MOD_HOOD": [
        5,
        0
    ],
    "MOD_LIVERY": [
        6,
        0
    ],
    "MOD_REARBUMPER": [
        19,
        0
    ],
    "MOD_RIGHTFENDER": [
        1,
        0
    ],
    "MOD_ROOF": [
        0,
        0
    ],
    "MOD_SIDESKIRT": [
        1,
        0
    ],
    "MOD_SPOILERS": [
        13,
        0
    ],
    "MOD_SUSPENSION": [
        2,
        0
    ],
    "MOD_TRANSMISSION": [
        2,
        0
    ],
    "MOD_TURBO": "TOGGLE",
    "MOD_XENONHEADLIGHTS": "TOGGLE",
    "clan_logo": 0,
    "custom_primary_color": [
        0,
        0,
        233
    ],
    "dash_color": 30,
    "has_collision": true,
    "headlight_color": 8,
    "interior_color": 30,
    "is_invincible": true,
    "is_visible": true,
    "model_attachments": [],
    "neon_color": [
        255,
        1,
        1
    ],
    "neon_lights": [
        true,
        true,
        true,
        true
    ],
    "pearlescent_color": 38,
    "plate_text": "  QUE   ",
    "plate_text_index": 5,
    "primary_color": 120,
    "radio_station": "RADIO_36_AUDIOPLAYER",
    "secondary_color": 12,
    "tire_smoke_color": [
        0,
        0,
        255
    ],
    "vehicle_attachments": [],
    "vehicle_extras": [
        [
            1,
            true
        ]
    ],
    "vehicle_model_hash": 3162245632,
    "vehicle_window_tint": 1,
    "wheel_color": 150,
    "wheel_type": 8
}