{
    "MOD_ARCHCOVER": [
        7,
        0
    ],
    "MOD_ARMOR": [
        4,
        0
    ],
    "MOD_BRAKES": [
        2,
        0
    ],
    "MOD_ENGINE": [
        3,
        0
    ],
    "MOD_EXHAUST": [
        6,
        0
    ],
    "MOD_FENDER": [
        1,
        0
    ],
    "MOD_FRONTBUMPER": [
        10,
        0
    ],
    "MOD_FRONTWHEEL": [
        13,
        0
    ],
    "MOD_GRILLE": [
        4,
        0
    ],
    "MOD_HOOD": [
        2,
        0
    ],
    "MOD_LIVERY": [
        10,
        0
    ],
    "MOD_REARBUMPER": [
        8,
        0
    ],
    "MOD_RIGHTFENDER": [
        6,
        0
    ],
    "MOD_SPOILERS": [
        11,
        0
    ],
    "MOD_TIRESMOKE": "TOGGLE",
    "MOD_TRANSMISSION": [
        2,
        0
    ],
    "MOD_TURBO": "TOGGLE",
    "MOD_XENONHEADLIGHTS": "TOGGLE",
    "clan_logo": 0,
    "custom_secondary_color": [
        90,
        0,
        255
    ],
    "dash_color": 0,
    "drift_tires": 0,
    "has_collision": true,
    "headlight_color": 255,
    "interior_color": 2,
    "is_visible": true,
    "model_attachments": [],
    "neon_color": [
        44,
        0,
        255
    ],
    "neon_lights": [
        true,
        true,
        true,
        true
    ],
    "pearlescent_color": 145,
    "plate_text": "DOGONPAI",
    "plate_text_index": 4,
    "primary_color": 146,
    "radio_station": "RADIO_35_DLC_HEI4_MLR",
    "secondary_color": 111,
    "tire_can_burst": 0,
    "tire_smoke_color": [
        0,
        0,
        0
    ],
    "vehicle_attachments": [],
    "vehicle_extras": [
        [
            1,
            true
        ],
        [
            2,
            true
        ],
        [
            3,
            true
        ],
        [
            4,
            true
        ],
        [
            5,
            true
        ],
        [
            6,
            false
        ],
        [
            7,
            false
        ],
        [
            8,
            true
        ]
    ],
    "vehicle_model_hash": 1452003510,
    "vehicle_window_tint": 1,
    "wheel_color": 145,
    "wheel_type": 10
}