{
    "MOD_TIRESMOKE": "TOGGLE",
    "clan_logo": 0,
    "custom_primary_color": [
        0,
        255,
        222
    ],
    "custom_secondary_color": [
        0,
        255,
        222
    ],
    "dash_color": 134,
    "drift_tires": 0,
    "has_collision": true,
    "headlight_color": 255,
    "interior_color": 105,
    "is_visible": true,
    "model_attachments": [],
    "neon_color": [
        56,
        112,
        163
    ],
    "neon_lights": [
        true,
        true,
        false,
        true
    ],
    "pearlescent_color": 135,
    "plate_text": "46EEK572",
    "plate_text_index": 8,
    "primary_color": 117,
    "radio_station": "RADIO_14_DANCE_02",
    "secondary_color": 117,
    "tire_can_burst": 0,
    "tire_smoke_color": [
        102,
        4,
        96
    ],
    "vehicle_attachments": [],
    "vehicle_extras": [],
    "vehicle_model_hash": 3397143273,
    "vehicle_window_tint": 1,
    "wheel_color": 140,
    "wheel_type": 7
}