{
    "": "TOGGLE",
    "MOD_AERIALS": [
        0,
        0
    ],
    "MOD_AIRFILTER": [
        3,
        0
    ],
    "MOD_ARCHCOVER": [
        2,
        0
    ],
    "MOD_ARMOR": [
        4,
        0
    ],
    "MOD_BRAKES": [
        2,
        0
    ],
    "MOD_DASHBOARD": [
        3,
        0
    ],
    "MOD_ENGINE": [
        3,
        0
    ],
    "MOD_EXHAUST": [
        5,
        0
    ],
    "MOD_FENDER": [
        7,
        0
    ],
    "MOD_FRAME": [
        2,
        0
    ],
    "MOD_FRONTBUMPER": [
        4,
        0
    ],
    "MOD_FRONTWHEEL": [
        87,
        0
    ],
    "MOD_GRILLE": [
        3,
        0
    ],
    "MOD_HOOD": [
        12,
        0
    ],
    "MOD_LIVERY": [
        15,
        0
    ],
    "MOD_ORNAMENTS": [
        7,
        0
    ],
    "MOD_REARBUMPER": [
        3,
        0
    ],
    "MOD_RIGHTFENDER": [
        1,
        0
    ],
    "MOD_ROOF": [
        0,
        0
    ],
    "MOD_SIDESKIRT": [
        7,
        0
    ],
    "MOD_SPOILERS": [
        4,
        0
    ],
    "MOD_STRUTS": [
        2,
        0
    ],
    "MOD_SUSPENSION": [
        4,
        0
    ],
    "MOD_TANK": [
        1,
        0
    ],
    "MOD_TRANSMISSION": [
        3,
        0
    ],
    "MOD_TURBO": "TOGGLE",
    "MOD_XENONHEADLIGHTS": "TOGGLE",
    "clan_logo": 0,
    "custom_primary_color": [
        255,
        0,
        0
    ],
    "dash_color": 0,
    "has_collision": true,
    "headlight_color": 8,
    "interior_color": 0,
    "is_invincible": true,
    "is_visible": true,
    "model_attachments": [],
    "neon_color": [
        255,
        1,
        1
    ],
    "neon_lights": [
        true,
        true,
        true,
        true
    ],
    "pearlescent_color": 49,
    "plate_text": "FERRARI ",
    "plate_text_index": 5,
    "primary_color": 120,
    "radio_station": "RADIO_36_AUDIOPLAYER",
    "secondary_color": 12,
    "tire_smoke_color": [
        255,
        155,
        155
    ],
    "vehicle_attachments": [],
    "vehicle_extras": [],
    "vehicle_model_hash": 1537277726,
    "vehicle_window_tint": 1,
    "wheel_color": 150,
    "wheel_type": 10
}