{
    "MOD_AERIALS": [
        0,
        0
    ],
    "MOD_AIRFILTER": [
        3,
        0
    ],
    "MOD_ARCHCOVER": [
        2,
        0
    ],
    "MOD_ARMOR": [
        4,
        0
    ],
    "MOD_BRAKES": [
        2,
        0
    ],
    "MOD_DASHBOARD": [
        3,
        0
    ],
    "MOD_ENGINE": [
        3,
        0
    ],
    "MOD_EXHAUST": [
        4,
        0
    ],
    "MOD_FENDER": [
        5,
        0
    ],
    "MOD_FRAME": [
        2,
        0
    ],
    "MOD_FRONTBUMPER": [
        4,
        0
    ],
    "MOD_FRONTWHEEL": [
        177,
        0
    ],
    "MOD_GRILLE": [
        1,
        0
    ],
    "MOD_HOOD": [
        12,
        0
    ],
    "MOD_LIVERY": [
        17,
        0
    ],
    "MOD_ORNAMENTS": [
        6,
        0
    ],
    "MOD_REARBUMPER": [
        3,
        0
    ],
    "MOD_RIGHTFENDER": [
        3,
        0
    ],
    "MOD_ROOF": [
        0,
        0
    ],
    "MOD_SIDESKIRT": [
        7,
        0
    ],
    "MOD_SPOILERS": [
        4,
        0
    ],
    "MOD_STRUTS": [
        2,
        0
    ],
    "MOD_SUSPENSION": [
        4,
        0
    ],
    "MOD_TANK": [
        1,
        0
    ],
    "MOD_TIRESMOKE": "TOGGLE",
    "MOD_TRANSMISSION": [
        3,
        0
    ],
    "MOD_TURBO": "TOGGLE",
    "MOD_XENONHEADLIGHTS": "TOGGLE",
    "clan_logo": 0,
    "custom_primary_color": [
        0,
        0,
        0
    ],
    "dash_color": 70,
    "drift_tires": 0,
    "has_collision": true,
    "headlight_color": 1,
    "interior_color": 0,
    "is_visible": true,
    "model_attachments": [],
    "neon_color": [
        2,
        21,
        255
    ],
    "neon_lights": [
        true,
        true,
        true,
        true
    ],
    "pearlescent_color": 107,
    "plate_text": "08JCA635",
    "plate_text_index": 2,
    "primary_color": 107,
    "radio_station": "RADIO_37_MOTOMAMI",
    "secondary_color": 70,
    "tire_can_burst": 0,
    "tire_smoke_color": [
        0,
        0,
        0
    ],
    "vehicle_attachments": [],
    "vehicle_extras": [],
    "vehicle_model_hash": 1537277726,
    "vehicle_window_tint": 1,
    "wheel_color": 122,
    "wheel_type": 8
}