{
    "": "TOGGLE",
    "MOD_AIRFILTER": [
        7,
        0
    ],
    "MOD_ARCHCOVER": [
        0,
        0
    ],
    "MOD_ARMOR": [
        4,
        0
    ],
    "MOD_BRAKES": [
        2,
        0
    ],
    "MOD_DIALDESIGN": [
        3,
        0
    ],
    "MOD_DOORSPEAKERS": [
        7,
        0
    ],
    "MOD_ENGINE": [
        3,
        0
    ],
    "MOD_ENGINEBLOCK": [
        2,
        0
    ],
    "MOD_EXHAUST": [
        6,
        0
    ],
    "MOD_FENDER": [
        0,
        0
    ],
    "MOD_FRONTBUMPER": [
        10,
        0
    ],
    "MOD_FRONTWHEEL": [
        147,
        0
    ],
    "MOD_GRILLE": [
        7,
        0
    ],
    "MOD_HOOD": [
        1,
        0
    ],
    "MOD_HORNS": [
        46,
        0
    ],
    "MOD_LIVERY": [
        5,
        0
    ],
    "MOD_ORNAMENTS": [
        1,
        0
    ],
    "MOD_REARBUMPER": [
        6,
        0
    ],
    "MOD_RIGHTFENDER": [
        1,
        0
    ],
    "MOD_ROOF": [
        1,
        0
    ],
    "MOD_SEATS": [
        7,
        0
    ],
    "MOD_SIDESKIRT": [
        1,
        0
    ],
    "MOD_SPOILERS": [
        13,
        0
    ],
    "MOD_STEERINGWHEELS": [
        5,
        0
    ],
    "MOD_STRUTS": [
        16,
        0
    ],
    "MOD_TIRESMOKE": "TOGGLE",
    "MOD_TRANSMISSION": [
        2,
        0
    ],
    "MOD_TRIM": [
        0,
        0
    ],
    "MOD_TRIMDESIGN": [
        1,
        0
    ],
    "MOD_TURBO": "TOGGLE",
    "MOD_XENONHEADLIGHTS": "TOGGLE",
    "clan_logo": 0,
    "custom_primary_color": [
        0,
        0,
        0
    ],
    "dash_color": 28,
    "drift_tires": 0,
    "has_collision": true,
    "headlight_color": 255,
    "interior_color": 27,
    "is_visible": true,
    "model_attachments": [],
    "neon_color": [
        255,
        1,
        1
    ],
    "neon_lights": [
        true,
        true,
        true,
        true
    ],
    "pearlescent_color": 0,
    "plate_text": "DOGONPAI",
    "plate_text_index": 6,
    "primary_color": 35,
    "radio_station": "RADIO_37_MOTOMAMI",
    "secondary_color": 150,
    "tire_can_burst": 0,
    "tire_smoke_color": [
        0,
        0,
        0
    ],
    "vehicle_attachments": [],
    "vehicle_extras": [],
    "vehicle_model_hash": 2531693357,
    "vehicle_window_tint": 1,
    "wheel_color": 1,
    "wheel_type": 8
}