{
    "": "TOGGLE",
    "MOD_ARMOR": [
        4,
        0
    ],
    "MOD_BRAKES": [
        2,
        0
    ],
    "MOD_ENGINE": [
        3,
        0
    ],
    "MOD_EXHAUST": [
        2,
        0
    ],
    "MOD_FRAME": [
        0,
        0
    ],
    "MOD_FRONTBUMPER": [
        0,
        0
    ],
    "MOD_FRONTWHEEL": [
        78,
        0
    ],
    "MOD_SIDESKIRT": [
        4,
        0
    ],
    "MOD_SPOILERS": [
        4,
        0
    ],
    "MOD_SUSPENSION": [
        3,
        0
    ],
    "MOD_TRANSMISSION": [
        2,
        0
    ],
    "MOD_TURBO": "TOGGLE",
    "MOD_XENONHEADLIGHTS": "TOGGLE",
    "clan_logo": 0,
    "custom_primary_color": [
        158,
        255,
        0
    ],
    "custom_secondary_color": [
        255,
        255,
        255
    ],
    "dash_color": 0,
    "drift_tires": 0,
    "has_collision": true,
    "headlight_color": 0,
    "interior_color": 0,
    "is_visible": true,
    "model_attachments": [],
    "neon_color": [
        158,
        255,
        0
    ],
    "neon_lights": [
        true,
        true,
        true,
        true
    ],
    "pearlescent_color": 13,
    "plate_text": "82HSC794",
    "plate_text_index": 1,
    "primary_color": 12,
    "radio_station": "RADIO_34_DLC_HEI4_KULT",
    "secondary_color": 12,
    "tire_can_burst": 0,
    "vehicle_attachments": [],
    "vehicle_extras": [],
    "vehicle_model_hash": 410882957,
    "vehicle_window_tint": -1,
    "wheel_color": 112,
    "wheel_type": 8
}