{
    "": "TOGGLE",
    "MOD_ARMOR": [
        4,
        0
    ],
    "MOD_BRAKES": [
        2,
        0
    ],
    "MOD_ENGINE": [
        3,
        0
    ],
    "MOD_FRAME": [
        0,
        0
    ],
    "MOD_FRONTWHEEL": [
        23,
        0
    ],
    "MOD_LIVERY": [
        9,
        0
    ],
    "MOD_ROOF": [
        0,
        0
    ],
    "MOD_SPOILERS": [
        2,
        0
    ],
    "MOD_TRANSMISSION": [
        2,
        0
    ],
    "MOD_TURBO": "TOGGLE",
    "clan_logo": 0,
    "custom_primary_color": [
        255,
        255,
        255
    ],
    "dash_color": 0,
    "drift_tires": 0,
    "has_collision": true,
    "headlight_color": 255,
    "interior_color": 1,
    "is_visible": true,
    "model_attachments": [],
    "neon_color": [
        255,
        0,
        255
    ],
    "neon_lights": [
        false,
        false,
        false,
        false
    ],
    "pearlescent_color": 0,
    "plate_text": "45YCE691",
    "plate_text_index": 1,
    "primary_color": 73,
    "radio_station": "RADIO_13_JAZZ",
    "secondary_color": 92,
    "tire_can_burst": 0,
    "vehicle_attachments": [],
    "vehicle_extras": [
        [
            1,
            false
        ]
    ],
    "vehicle_model_hash": 3035832600,
    "vehicle_window_tint": 0,
    "wheel_color": 92,
    "wheel_type": 0
}