{
    "": "TOGGLE",
    "MOD_ARMOR": [
        4,
        0
    ],
    "MOD_BRAKES": [
        2,
        0
    ],
    "MOD_ENGINE": [
        3,
        0
    ],
    "MOD_EXHAUST": [
        3,
        0
    ],
    "MOD_FRONTWHEEL": [
        153,
        0
    ],
    "MOD_HOOD": [
        1,
        0
    ],
    "MOD_LIVERY": [
        2,
        0
    ],
    "MOD_SIDESKIRT": [
        0,
        0
    ],
    "MOD_SPOILERS": [
        12,
        0
    ],
    "MOD_TIRESMOKE": "TOGGLE",
    "MOD_TRANSMISSION": [
        3,
        0
    ],
    "MOD_TURBO": "TOGGLE",
    "MOD_XENONHEADLIGHTS": "TOGGLE",
    "clan_logo": 0,
    "custom_primary_color": [
        255,
        0,
        0
    ],
    "custom_secondary_color": [
        255,
        0,
        0
    ],
    "dash_color": 65,
    "drift_tires": 0,
    "has_collision": true,
    "headlight_color": 5,
    "interior_color": 89,
    "is_visible": true,
    "model_attachments": [],
    "neon_color": [
        255,
        1,
        1
    ],
    "neon_lights": [
        true,
        true,
        true,
        true
    ],
    "pearlescent_color": 91,
    "plate_text": "22KYG261",
    "plate_text_index": 6,
    "primary_color": 27,
    "radio_station": "RADIO_37_MOTOMAMI",
    "secondary_color": 33,
    "tire_can_burst": 0,
    "tire_smoke_color": [
        0,
        0,
        0
    ],
    "vehicle_attachments": [],
    "vehicle_extras": [
        [
            1,
            true
        ]
    ],
    "vehicle_model_hash": 3630826055,
    "vehicle_window_tint": 1,
    "wheel_color": 89,
    "wheel_type": 8
}