{
    "MOD_ARMOR": [
        4,
        0
    ],
    "MOD_BRAKES": [
        2,
        0
    ],
    "MOD_ENGINE": [
        3,
        0
    ],
    "MOD_EXHAUST": [
        0,
        0
    ],
    "MOD_FRONTBUMPER": [
        1,
        0
    ],
    "MOD_FRONTWHEEL": [
        90,
        0
    ],
    "MOD_HORNS": [
        34,
        0
    ],
    "MOD_LIVERY": [
        10,
        0
    ],
    "MOD_SIDESKIRT": [
        4,
        0
    ],
    "MOD_SUSPENSION": [
        3,
        0
    ],
    "MOD_TIRESMOKE": "TOGGLE",
    "MOD_TRANSMISSION": [
        2,
        0
    ],
    "MOD_TURBO": "TOGGLE",
    "MOD_XENONHEADLIGHTS": "TOGGLE",
    "clan_logo": 0,
    "custom_primary_color": [
        50,
        6,
        66
    ],
    "custom_secondary_color": [
        50,
        6,
        66
    ],
    "dash_color": 0,
    "drift_tires": 0,
    "has_collision": true,
    "headlight_color": 12,
    "interior_color": 0,
    "is_visible": true,
    "model_attachments": [],
    "neon_color": [
        15,
        3,
        255
    ],
    "neon_lights": [
        true,
        true,
        true,
        true
    ],
    "pearlescent_color": 18,
    "plate_text": "BRUTAL D",
    "plate_text_index": 5,
    "primary_color": 117,
    "radio_station": "RADIO_16_SILVERLAKE",
    "secondary_color": 117,
    "tire_can_burst": 0,
    "tire_smoke_color": [
        0,
        0,
        0
    ],
    "vehicle_attachments": [],
    "vehicle_extras": [],
    "vehicle_model_hash": 410882957,
    "vehicle_window_tint": 1,
    "wheel_color": 134,
    "wheel_type": 8
}