{
    "": "TOGGLE",
    "MOD_AIRFILTER": [
        6,
        0
    ],
    "MOD_ARCHCOVER": [
        5,
        0
    ],
    "MOD_ARMOR": [
        4,
        0
    ],
    "MOD_BRAKES": [
        2,
        0
    ],
    "MOD_DASHBOARD": [
        3,
        0
    ],
    "MOD_ENGINE": [
        3,
        0
    ],
    "MOD_ENGINEBLOCK": [
        2,
        0
    ],
    "MOD_EXHAUST": [
        7,
        0
    ],
    "MOD_FENDER": [
        1,
        0
    ],
    "MOD_FRAME": [
        4,
        0
    ],
    "MOD_FRONTBUMPER": [
        3,
        0
    ],
    "MOD_FRONTWHEEL": [
        9,
        0
    ],
    "MOD_GRILLE": [
        0,
        0
    ],
    "MOD_LIVERY": [
        1,
        0
    ],
    "MOD_REARBUMPER": [
        1,
        0
    ],
    "MOD_RIGHTFENDER": [
        1,
        0
    ],
    "MOD_SEATS": [
        12,
        0
    ],
    "MOD_SIDESKIRT": [
        0,
        0
    ],
    "MOD_SPOILERS": [
        7,
        0
    ],
    "MOD_STEERINGWHEELS": [
        12,
        0
    ],
    "MOD_STRUTS": [
        11,
        0
    ],
    "MOD_SUSPENSION": [
        3,
        0
    ],
    "MOD_TANK": [
        2,
        0
    ],
    "MOD_TRANSMISSION": [
        2,
        0
    ],
    "MOD_TRIM": [
        1,
        0
    ],
    "MOD_TRIMDESIGN": [
        0,
        0
    ],
    "MOD_TURBO": "TOGGLE",
    "MOD_VANITYPLATES": [
        0,
        0
    ],
    "MOD_WINDOWS": [
        1,
        0
    ],
    "MOD_XENONHEADLIGHTS": "TOGGLE",
    "clan_logo": 0,
    "custom_primary_color": [
        39,
        39,
        39
    ],
    "custom_secondary_color": [
        0,
        0,
        0
    ],
    "dash_color": 1,
    "has_collision": true,
    "headlight_color": 4,
    "interior_color": 0,
    "is_invincible": false,
    "is_visible": true,
    "model_attachments": [],
    "neon_color": [
        73,
        183,
        73
    ],
    "neon_lights": [
        true,
        true,
        true,
        true
    ],
    "pearlescent_color": 5,
    "plate_text": "46EEK572",
    "plate_text_index": 1,
    "primary_color": 0,
    "radio_station": "RADIO_37_MOTOMAMI",
    "secondary_color": 3,
    "tire_smoke_color": [
        114,
        204,
        114
    ],
    "vehicle_attachments": [],
    "vehicle_extras": [],
    "vehicle_model_hash": 2787736776,
    "vehicle_window_tint": 1,
    "wheel_color": 49,
    "wheel_type": 11
}