{
    "MOD_ARMOR": [
        4,
        0
    ],
    "MOD_BRAKES": [
        2,
        0
    ],
    "MOD_ENGINE": [
        3,
        0
    ],
    "MOD_EXHAUST": [
        4,
        0
    ],
    "MOD_FRAME": [
        2,
        0
    ],
    "MOD_FRONTWHEEL": [
        85,
        0
    ],
    "MOD_GRILLE": [
        7,
        0
    ],
    "MOD_HOOD": [
        11,
        0
    ],
    "MOD_HORNS": [
        44,
        0
    ],
    "MOD_LIVERY": [
        9,
        0
    ],
    "MOD_REARBUMPER": [
        5,
        0
    ],
    "MOD_RIGHTFENDER": [
        0,
        0
    ],
    "MOD_ROOF": [
        12,
        0
    ],
    "MOD_SIDESKIRT": [
        10,
        0
    ],
    "MOD_SPOILERS": [
        3,
        0
    ],
    "MOD_TRANSMISSION": [
        2,
        0
    ],
    "MOD_TURBO": "TOGGLE",
    "MOD_XENONHEADLIGHTS": "TOGGLE",
    "clan_logo": 0,
    "dash_color": 112,
    "has_collision": true,
    "headlight_color": 255,
    "interior_color": 34,
    "is_invincible": false,
    "is_visible": true,
    "model_attachments": [],
    "neon_color": [
        255,
        5,
        190
    ],
    "neon_lights": [
        true,
        true,
        true,
        true
    ],
    "pearlescent_color": 135,
    "plate_text": "SAMBA023",
    "plate_text_index": 1,
    "primary_color": 135,
    "radio_station": "RADIO_22_DLC_BATTLE_MIX1_RADIO",
    "secondary_color": 120,
    "vehicle_attachments": [],
    "vehicle_extras": [],
    "vehicle_model_hash": 3540279623,
    "vehicle_window_tint": 3,
    "wheel_color": 135,
    "wheel_type": 8
}