{
    "": "TOGGLE",
    "MOD_AERIALS": [
        0,
        0
    ],
    "MOD_AIRFILTER": [
        0,
        0
    ],
    "MOD_ARCHCOVER": [
        7,
        0
    ],
    "MOD_ARMOR": [
        4,
        0
    ],
    "MOD_BRAKES": [
        2,
        0
    ],
    "MOD_DASHBOARD": [
        1,
        0
    ],
    "MOD_DOORSPEAKERS": [
        5,
        0
    ],
    "MOD_ENGINE": [
        3,
        0
    ],
    "MOD_ENGINEBLOCK": [
        1,
        0
    ],
    "MOD_EXHAUST": [
        5,
        0
    ],
    "MOD_FENDER": [
        5,
        0
    ],
    "MOD_FRAME": [
        7,
        0
    ],
    "MOD_FRONTWHEEL": [
        2,
        1
    ],
    "MOD_HOOD": [
        18,
        0
    ],
    "MOD_LIVERY": [
        2,
        0
    ],
    "MOD_REARBUMPER": [
        1,
        0
    ],
    "MOD_ROOF": [
        5,
        0
    ],
    "MOD_SEATS": [
        1,
        0
    ],
    "MOD_SIDESKIRT": [
        10,
        0
    ],
    "MOD_SPOILERS": [
        7,
        0
    ],
    "MOD_STEERINGWHEELS": [
        9,
        0
    ],
    "MOD_STRUTS": [
        1,
        0
    ],
    "MOD_SUSPENSION": [
        3,
        0
    ],
    "MOD_TRANSMISSION": [
        2,
        0
    ],
    "MOD_TRIMDESIGN": [
        0,
        0
    ],
    "MOD_TURBO": "TOGGLE",
    "MOD_VANITYPLATES": [
        5,
        0
    ],
    "MOD_XENONHEADLIGHTS": "TOGGLE",
    "clan_logo": 0,
    "custom_primary_color": [
        43,
        43,
        43
    ],
    "custom_secondary_color": [
        43,
        43,
        43
    ],
    "dash_color": 0,
    "has_collision": true,
    "headlight_color": 0,
    "interior_color": 0,
    "is_invincible": false,
    "is_visible": true,
    "model_attachments": [],
    "neon_color": [
        255,
        255,
        255
    ],
    "neon_lights": [
        true,
        true,
        true,
        true
    ],
    "pearlescent_color": 0,
    "plate_text": "41SYS045",
    "plate_text_index": 1,
    "primary_color": 2,
    "radio_station": "RADIO_02_POP",
    "secondary_color": 6,
    "tire_smoke_color": [
        255,
        255,
        255
    ],
    "vehicle_attachments": [],
    "vehicle_extras": [],
    "vehicle_model_hash": 2038480341,
    "vehicle_window_tint": 1,
    "wheel_color": 0,
    "wheel_type": 0
}