{
    "": "TOGGLE",
    "MOD_ARMOR": [
        4,
        0
    ],
    "MOD_BRAKES": [
        2,
        0
    ],
    "MOD_ENGINE": [
        3,
        0
    ],
    "MOD_EXHAUST": [
        9,
        0
    ],
    "MOD_FRAME": [
        0,
        0
    ],
    "MOD_FRONTBUMPER": [
        6,
        0
    ],
    "MOD_FRONTWHEEL": [
        107,
        0
    ],
    "MOD_GRILLE": [
        6,
        0
    ],
    "MOD_HOOD": [
        16,
        0
    ],
    "MOD_HORNS": [
        50,
        0
    ],
    "MOD_LIVERY": [
        28,
        0
    ],
    "MOD_REARBUMPER": [
        5,
        0
    ],
    "MOD_SIDESKIRT": [
        13,
        0
    ],
    "MOD_TIRESMOKE": "TOGGLE",
    "MOD_TRANSMISSION": [
        2,
        0
    ],
    "MOD_TURBO": "TOGGLE",
    "clan_logo": 0,
    "custom_primary_color": [
        163,
        108,
        255
    ],
    "custom_secondary_color": [
        163,
        108,
        255
    ],
    "dash_color": 0,
    "drift_tires": 0,
    "has_collision": true,
    "headlight_color": 255,
    "interior_color": 111,
    "is_visible": true,
    "model_attachments": [],
    "neon_color": [
        222,
        222,
        255
    ],
    "neon_lights": [
        true,
        true,
        true,
        true
    ],
    "pearlescent_color": 135,
    "plate_text": " 272727 ",
    "plate_text_index": 0,
    "primary_color": 98,
    "radio_station": "RADIO_20_THELAB",
    "secondary_color": 21,
    "tire_can_burst": 0,
    "tire_smoke_color": [
        0,
        0,
        0
    ],
    "vehicle_attachments": [],
    "vehicle_extras": [],
    "vehicle_model_hash": 2044532910,
    "vehicle_window_tint": 1,
    "wheel_color": 122,
    "wheel_type": 8
}