{
    "MOD_ARMOR": [
        4,
        0
    ],
    "MOD_BRAKES": [
        2,
        0
    ],
    "MOD_ENGINE": [
        3,
        0
    ],
    "MOD_EXHAUST": [
        7,
        0
    ],
    "MOD_FRAME": [
        2,
        0
    ],
    "MOD_FRONTBUMPER": [
        5,
        0
    ],
    "MOD_FRONTWHEEL": [
        174,
        0
    ],
    "MOD_GRILLE": [
        9,
        0
    ],
    "MOD_HORNS": [
        44,
        0
    ],
    "MOD_RIGHTFENDER": [
        3,
        0
    ],
    "MOD_SPOILERS": [
        1,
        0
    ],
    "MOD_TIRESMOKE": "TOGGLE",
    "MOD_TRANSMISSION": [
        2,
        0
    ],
    "MOD_TURBO": "TOGGLE",
    "clan_logo": 0,
    "custom_primary_color": [
        0,
        0,
        255
    ],
    "custom_secondary_color": [
        0,
        85,
        255
    ],
    "dash_color": 35,
    "drift_tires": 0,
    "has_collision": true,
    "headlight_color": 255,
    "interior_color": 0,
    "is_visible": true,
    "model_attachments": [],
    "neon_color": [
        255,
        0,
        255
    ],
    "neon_lights": [
        false,
        false,
        false,
        false
    ],
    "pearlescent_color": 140,
    "plate_text": "43SOS361",
    "plate_text_index": 0,
    "primary_color": 111,
    "radio_station": "RADIO_03_HIPHOP_NEW",
    "secondary_color": 70,
    "tire_can_burst": 0,
    "tire_smoke_color": [
        0,
        174,
        239
    ],
    "vehicle_attachments": [],
    "vehicle_extras": [],
    "vehicle_model_hash": 3437611258,
    "vehicle_window_tint": 1,
    "wheel_color": 70,
    "wheel_type": 8
}