{
    "MOD_ARMOR": [
        4,
        0
    ],
    "MOD_BRAKES": [
        2,
        0
    ],
    "MOD_ENGINE": [
        3,
        0
    ],
    "MOD_EXHAUST": [
        4,
        0
    ],
    "MOD_FRAME": [
        5,
        0
    ],
    "MOD_FRONTBUMPER": [
        0,
        0
    ],
    "MOD_FRONTWHEEL": [
        116,
        0
    ],
    "MOD_HOOD": [
        6,
        0
    ],
    "MOD_HORNS": [
        40,
        0
    ],
    "MOD_LIVERY": [
        9,
        0
    ],
    "MOD_REARBUMPER": [
        1,
        0
    ],
    "MOD_SIDESKIRT": [
        1,
        0
    ],
    "MOD_SUSPENSION": [
        0,
        0
    ],
    "MOD_TIRESMOKE": "TOGGLE",
    "MOD_TRANSMISSION": [
        2,
        0
    ],
    "MOD_TURBO": "TOGGLE",
    "MOD_XENONHEADLIGHTS": "TOGGLE",
    "clan_logo": 0,
    "custom_primary_color": [
        0,
        27,
        239
    ],
    "custom_secondary_color": [
        0,
        27,
        239
    ],
    "dash_color": 0,
    "drift_tires": 0,
    "has_collision": true,
    "headlight_color": 1,
    "interior_color": 81,
    "is_visible": true,
    "model_attachments": [],
    "neon_color": [
        0,
        27,
        239
    ],
    "neon_lights": [
        true,
        true,
        true,
        true
    ],
    "pearlescent_color": 140,
    "plate_text": "DERROCE ",
    "plate_text_index": 2,
    "primary_color": 0,
    "radio_station": "OFF",
    "secondary_color": 0,
    "tire_can_burst": 0,
    "tire_smoke_color": [
        0,
        27,
        239
    ],
    "vehicle_attachments": [],
    "vehicle_extras": [],
    "vehicle_model_hash": 1416466158,
    "vehicle_window_tint": 1,
    "wheel_color": 83,
    "wheel_type": 8
}