{
    "": [
        0,
        0
    ],
    "MOD_ARCHCOVER": [
        4,
        0
    ],
    "MOD_BRAKES": [
        2,
        0
    ],
    "MOD_ENGINE": [
        3,
        0
    ],
    "MOD_ENGINEBLOCK": [
        1,
        0
    ],
    "MOD_EXHAUST": [
        16,
        0
    ],
    "MOD_FENDER": [
        3,
        0
    ],
    "MOD_FRONTBUMPER": [
        4,
        0
    ],
    "MOD_FRONTWHEEL": [
        106,
        0
    ],
    "MOD_HOOD": [
        18,
        0
    ],
    "MOD_HORNS": [
        56,
        0
    ],
    "MOD_LIVERY": [
        10,
        0
    ],
    "MOD_REARBUMPER": [
        4,
        0
    ],
    "MOD_ROOF": [
        5,
        0
    ],
    "MOD_SPOILERS": [
        4,
        0
    ],
    "MOD_STEERINGWHEELS": [
        13,
        0
    ],
    "MOD_STRUTS": [
        4,
        0
    ],
    "MOD_SUSPENSION": [
        3,
        0
    ],
    "MOD_TIRESMOKE": "TOGGLE",
    "MOD_TRANSMISSION": [
        2,
        0
    ],
    "MOD_TURBO": "TOGGLE",
    "MOD_VANITYPLATES": [
        6,
        0
    ],
    "MOD_WINDOWS": [
        0,
        0
    ],
    "MOD_XENONHEADLIGHTS": "TOGGLE",
    "clan_logo": 0,
    "custom_primary_color": [
        255,
        255,
        255
    ],
    "custom_secondary_color": [
        0,
        0,
        0
    ],
    "dash_color": 135,
    "drift_tires": 0,
    "has_collision": true,
    "headlight_color": 9,
    "interior_color": 112,
    "is_visible": true,
    "model_attachments": [],
    "neon_color": [
        0,
        0,
        0
    ],
    "neon_lights": [
        false,
        false,
        false,
        false
    ],
    "pearlescent_color": 135,
    "plate_text": "60HDU268",
    "plate_text_index": 1,
    "primary_color": 117,
    "radio_station": "RADIO_37_MOTOMAMI",
    "secondary_color": 117,
    "tire_can_burst": 0,
    "tire_smoke_color": [
        203,
        54,
        148
    ],
    "vehicle_attachments": [],
    "vehicle_extras": [],
    "vehicle_model_hash": 4000288633,
    "vehicle_window_tint": 1,
    "wheel_color": 132,
    "wheel_type": 8
}