{
    "MOD_ENGINE": [
        1,
        0
    ],
    "MOD_EXHAUST": [
        0,
        0
    ],
    "MOD_TIRESMOKE": "TOGGLE",
    "MOD_TRANSMISSION": [
        2,
        0
    ],
    "clan_logo": 0,
    "dash_color": 0,
    "drift_tires": 0,
    "has_collision": true,
    "headlight_color": 255,
    "interior_color": 1,
    "is_visible": true,
    "model_attachments": [],
    "neon_color": [
        255,
        0,
        255
    ],
    "neon_lights": [
        false,
        false,
        false,
        false
    ],
    "pearlescent_color": 0,
    "plate_text": "09RIF140",
    "plate_text_index": 0,
    "primary_color": 131,
    "radio_station": "RADIO_34_DLC_HEI4_KULT",
    "secondary_color": 131,
    "tire_can_burst": 1,
    "tire_smoke_color": [
        255,
        255,
        255
    ],
    "vehicle_attachments": [],
    "vehicle_extras": [],
    "vehicle_model_hash": 1491277511,
    "vehicle_window_tint": 0,
    "wheel_color": 156,
    "wheel_type": 6
}