{
    "": [
        0,
        0
    ],
    "MOD_AIRFILTER": [
        7,
        0
    ],
    "MOD_ARCHCOVER": [
        0,
        0
    ],
    "MOD_ARMOR": [
        4,
        0
    ],
    "MOD_BRAKES": [
        2,
        0
    ],
    "MOD_DASHBOARD": [
        3,
        0
    ],
    "MOD_DIALDESIGN": [
        3,
        0
    ],
    "MOD_DOORSPEAKERS": [
        5,
        0
    ],
    "MOD_ENGINE": [
        3,
        0
    ],
    "MOD_ENGINEBLOCK": [
        1,
        0
    ],
    "MOD_EXHAUST": [
        3,
        0
    ],
    "MOD_FRAME": [
        1,
        0
    ],
    "MOD_FRONTBUMPER": [
        4,
        0
    ],
    "MOD_FRONTWHEEL": [
        85,
        0
    ],
    "MOD_GRILLE": [
        4,
        0
    ],
    "MOD_HOOD": [
        2,
        0
    ],
    "MOD_HORNS": [
        2,
        0
    ],
    "MOD_LIVERY": [
        14,
        0
    ],
    "MOD_ROOF": [
        0,
        0
    ],
    "MOD_SEATS": [
        13,
        0
    ],
    "MOD_SIDESKIRT": [
        6,
        0
    ],
    "MOD_SPOILERS": [
        4,
        0
    ],
    "MOD_STEERINGWHEELS": [
        3,
        0
    ],
    "MOD_STRUTS": [
        11,
        0
    ],
    "MOD_SUSPENSION": [
        1,
        0
    ],
    "MOD_TIRESMOKE": "TOGGLE",
    "MOD_TRANSMISSION": [
        0,
        0
    ],
    "MOD_TRIM": [
        0,
        0
    ],
    "MOD_TRIMDESIGN": [
        0,
        0
    ],
    "MOD_TURBO": "TOGGLE",
    "MOD_VANITYPLATES": [
        2,
        0
    ],
    "MOD_WINDOWS": [
        1,
        0
    ],
    "MOD_XENONHEADLIGHTS": "TOGGLE",
    "clan_logo": 0,
    "custom_primary_color": [
        114,
        149,
        255
    ],
    "custom_secondary_color": [
        255,
        0,
        0
    ],
    "dash_color": 112,
    "drift_tires": 0,
    "has_collision": true,
    "headlight_color": 10,
    "interior_color": 104,
    "is_visible": true,
    "model_attachments": [],
    "neon_color": [
        255,
        2,
        145
    ],
    "neon_lights": [
        true,
        true,
        true,
        true
    ],
    "pearlescent_color": 135,
    "plate_text": "DERROCE ",
    "plate_text_index": 5,
    "primary_color": 117,
    "radio_station": "RADIO_35_DLC_HEI4_MLR",
    "secondary_color": 0,
    "tire_can_burst": 0,
    "tire_smoke_color": [
        229,
        0,
        200
    ],
    "vehicle_attachments": [],
    "vehicle_extras": [],
    "vehicle_model_hash": 2436313176,
    "vehicle_window_tint": 1,
    "wheel_color": 137,
    "wheel_type": 8
}