{
    "MOD_ARMOR": [
        4,
        0
    ],
    "MOD_BRAKES": [
        2,
        0
    ],
    "MOD_ENGINE": [
        3,
        0
    ],
    "MOD_EXHAUST": [
        1,
        0
    ],
    "MOD_FENDER": [
        0,
        0
    ],
    "MOD_FRONTBUMPER": [
        4,
        0
    ],
    "MOD_FRONTWHEEL": [
        121,
        0
    ],
    "MOD_HORNS": [
        50,
        0
    ],
    "MOD_REARBUMPER": [
        0,
        0
    ],
    "MOD_SIDESKIRT": [
        1,
        0
    ],
    "MOD_SPOILERS": [
        0,
        0
    ],
    "MOD_TIRESMOKE": "TOGGLE",
    "MOD_TRANSMISSION": [
        2,
        0
    ],
    "MOD_TURBO": "TOGGLE",
    "MOD_XENONHEADLIGHTS": "TOGGLE",
    "clan_logo": 0,
    "custom_primary_color": [
        40,
        0,
        23
    ],
    "custom_secondary_color": [
        40,
        0,
        23
    ],
    "dash_color": 134,
    "drift_tires": 0,
    "has_collision": true,
    "headlight_color": 7,
    "interior_color": 134,
    "is_visible": true,
    "model_attachments": [],
    "neon_color": [
        48,
        0,
        32
    ],
    "neon_lights": [
        true,
        true,
        true,
        true
    ],
    "pearlescent_color": 88,
    "plate_text": "DONT CRY",
    "plate_text_index": 5,
    "primary_color": 117,
    "radio_station": "RADIO_14_DANCE_02",
    "secondary_color": 117,
    "tire_can_burst": 0,
    "tire_smoke_color": [
        0,
        0,
        0
    ],
    "vehicle_attachments": [],
    "vehicle_extras": [],
    "vehicle_model_hash": 1987142870,
    "vehicle_window_tint": 1,
    "wheel_color": 134,
    "wheel_type": 8
}