{
    "MOD_AIRFILTER": [
        1,
        0
    ],
    "MOD_ARCHCOVER": [
        3,
        0
    ],
    "MOD_ARMOR": [
        4,
        0
    ],
    "MOD_BRAKES": [
        2,
        0
    ],
    "MOD_ENGINE": [
        3,
        0
    ],
    "MOD_ENGINEBLOCK": [
        1,
        0
    ],
    "MOD_EXHAUST": [
        2,
        0
    ],
    "MOD_FRONTBUMPER": [
        0,
        0
    ],
    "MOD_FRONTWHEEL": [
        8,
        0
    ],
    "MOD_GRILLE": [
        1,
        0
    ],
    "MOD_HOOD": [
        7,
        0
    ],
    "MOD_HORNS": [
        42,
        0
    ],
    "MOD_REARBUMPER": [
        2,
        0
    ],
    "MOD_RIGHTFENDER": [
        1,
        0
    ],
    "MOD_SPOILERS": [
        1,
        0
    ],
    "MOD_STRUTS": [
        2,
        0
    ],
    "MOD_SUSPENSION": [
        3,
        0
    ],
    "MOD_TIRESMOKE": "TOGGLE",
    "MOD_TRANSMISSION": [
        2,
        0
    ],
    "MOD_TRIM": [
        5,
        0
    ],
    "MOD_TRIMDESIGN": [
        0,
        0
    ],
    "MOD_TURBO": "TOGGLE",
    "MOD_XENONHEADLIGHTS": "TOGGLE",
    "clan_logo": 0,
    "custom_primary_color": [
        4,
        0,
        47
    ],
    "custom_secondary_color": [
        4,
        0,
        47
    ],
    "dash_color": 4,
    "drift_tires": 0,
    "has_collision": true,
    "headlight_color": 6,
    "interior_color": 3,
    "is_visible": true,
    "model_attachments": [],
    "neon_color": [
        255,
        150,
        5
    ],
    "neon_lights": [
        true,
        true,
        true,
        true
    ],
    "pearlescent_color": 135,
    "plate_text": "66DGK996",
    "plate_text_index": 1,
    "primary_color": 71,
    "radio_station": "RADIO_36_AUDIOPLAYER",
    "secondary_color": 71,
    "tire_can_burst": 0,
    "tire_smoke_color": [
        252,
        238,
        0
    ],
    "vehicle_attachments": [],
    "vehicle_extras": [],
    "vehicle_model_hash": 4003946083,
    "vehicle_window_tint": 1,
    "wheel_color": 138,
    "wheel_type": 5
}