{
    "MOD_ARMOR": [
        1,
        0
    ],
    "MOD_BRAKES": [
        2,
        0
    ],
    "MOD_EXHAUST": [
        3,
        0
    ],
    "MOD_FRONTBUMPER": [
        0,
        0
    ],
    "MOD_FRONTWHEEL": [
        0,
        0
    ],
    "MOD_HORNS": [
        31,
        0
    ],
    "MOD_REARBUMPER": [
        0,
        0
    ],
    "MOD_ROOF": [
        1,
        0
    ],
    "MOD_SIDESKIRT": [
        6,
        0
    ],
    "MOD_SPOILERS": [
        1,
        0
    ],
    "MOD_TIRESMOKE": "TOGGLE",
    "MOD_TRANSMISSION": [
        2,
        0
    ],
    "MOD_TURBO": "TOGGLE",
    "MOD_XENONHEADLIGHTS": "TOGGLE",
    "clan_logo": 0,
    "custom_primary_color": [
        35,
        0,
        0
    ],
    "custom_secondary_color": [
        137,
        208,
        26
    ],
    "dash_color": 0,
    "drift_tires": 0,
    "has_collision": true,
    "headlight_color": 7,
    "interior_color": 0,
    "is_visible": true,
    "model_attachments": [],
    "neon_color": [
        0,
        0,
        0
    ],
    "neon_lights": [
        true,
        true,
        true,
        true
    ],
    "pearlescent_color": 88,
    "plate_text": "DERROCE ",
    "plate_text_index": 5,
    "primary_color": 117,
    "radio_station": "RADIO_13_JAZZ",
    "secondary_color": 38,
    "tire_can_burst": 0,
    "tire_smoke_color": [
        109,
        0,
        0
    ],
    "vehicle_attachments": [],
    "vehicle_extras": [],
    "vehicle_model_hash": 2536829930,
    "vehicle_window_tint": 1,
    "wheel_color": 40,
    "wheel_type": 10
}