{
    "MOD_AERIALS": [
        5,
        0
    ],
    "MOD_AIRFILTER": [
        9,
        0
    ],
    "MOD_ARCHCOVER": [
        6,
        0
    ],
    "MOD_ARMOR": [
        4,
        0
    ],
    "MOD_BRAKES": [
        2,
        0
    ],
    "MOD_DASHBOARD": [
        4,
        0
    ],
    "MOD_DOORSPEAKERS": [
        7,
        0
    ],
    "MOD_ENGINE": [
        3,
        0
    ],
    "MOD_ENGINEBLOCK": [
        5,
        0
    ],
    "MOD_EXHAUST": [
        10,
        0
    ],
    "MOD_FENDER": [
        1,
        0
    ],
    "MOD_FRAME": [
        4,
        0
    ],
    "MOD_FRONTBUMPER": [
        14,
        0
    ],
    "MOD_FRONTWHEEL": [
        106,
        0
    ],
    "MOD_GRILLE": [
        10,
        0
    ],
    "MOD_HOOD": [
        18,
        0
    ],
    "MOD_HORNS": [
        44,
        0
    ],
    "MOD_LIVERY": [
        9,
        0
    ],
    "MOD_REARBUMPER": [
        16,
        0
    ],
    "MOD_ROOF": [
        2,
        0
    ],
    "MOD_SEATS": [
        14,
        0
    ],
    "MOD_SIDESKIRT": [
        11,
        0
    ],
    "MOD_SPOILERS": [
        18,
        0
    ],
    "MOD_STEERINGWHEELS": [
        15,
        0
    ],
    "MOD_STRUTS": [
        11,
        0
    ],
    "MOD_SUSPENSION": [
        1,
        0
    ],
    "MOD_TANK": [
        2,
        0
    ],
    "MOD_TIRESMOKE": "TOGGLE",
    "MOD_TRANSMISSION": [
        2,
        0
    ],
    "MOD_TRIM": [
        15,
        0
    ],
    "MOD_TRIMDESIGN": [
        2,
        0
    ],
    "MOD_TURBO": "TOGGLE",
    "MOD_WINDOWS": [
        6,
        0
    ],
    "MOD_XENONHEADLIGHTS": "TOGGLE",
    "clan_logo": 0,
    "dash_color": 92,
    "drift_tires": 0,
    "has_collision": true,
    "headlight_color": 8,
    "interior_color": 27,
    "is_visible": true,
    "model_attachments": [],
    "neon_color": [
        255,
        1,
        1
    ],
    "neon_lights": [
        true,
        true,
        true,
        true
    ],
    "pearlescent_color": 0,
    "plate_text": "03TQE733",
    "plate_text_index": 0,
    "primary_color": 12,
    "radio_station": "OFF",
    "secondary_color": 39,
    "tire_can_burst": 0,
    "tire_smoke_color": [
        226,
        6,
        6
    ],
    "vehicle_attachments": [],
    "vehicle_extras": [],
    "vehicle_model_hash": 2938086457,
    "vehicle_window_tint": 1,
    "wheel_color": 122,
    "wheel_type": 8
}