{
    "MOD_ARMOR": [
        4,
        0
    ],
    "MOD_BRAKES": [
        3,
        0
    ],
    "MOD_ENGINE": [
        3,
        0
    ],
    "MOD_EXHAUST": [
        3,
        0
    ],
    "MOD_FRAME": [
        0,
        0
    ],
    "MOD_FRONTBUMPER": [
        0,
        0
    ],
    "MOD_FRONTWHEEL": [
        38,
        1
    ],
    "MOD_HOOD": [
        0,
        0
    ],
    "MOD_HORNS": [
        2,
        0
    ],
    "MOD_LIVERY": [
        6,
        0
    ],
    "MOD_REARWHEEL": [
        38,
        1
    ],
    "MOD_SIDESKIRT": [
        0,
        0
    ],
    "MOD_TIRESMOKE": "TOGGLE",
    "MOD_TRANSMISSION": [
        3,
        0
    ],
    "MOD_TURBO": "TOGGLE",
    "MOD_XENONHEADLIGHTS": "TOGGLE",
    "clan_logo": 0,
    "dash_color": 0,
    "drift_tires": 0,
    "has_collision": true,
    "headlight_color": 8,
    "interior_color": 1,
    "is_visible": true,
    "model_attachments": [],
    "neon_color": [
        0,
        0,
        0
    ],
    "neon_lights": [
        false,
        false,
        false,
        false
    ],
    "pearlescent_color": 29,
    "plate_text": "27KVP065",
    "plate_text_index": 1,
    "primary_color": 0,
    "radio_station": "OFF",
    "secondary_color": 29,
    "tire_can_burst": 0,
    "tire_smoke_color": [
        226,
        6,
        6
    ],
    "vehicle_attachments": [],
    "vehicle_extras": [],
    "vehicle_model_hash": 1353120668,
    "vehicle_window_tint": 0,
    "wheel_color": 27,
    "wheel_type": 6
}