{
    "MOD_ARMOR": [
        4,
        0
    ],
    "MOD_BRAKES": [
        2,
        0
    ],
    "MOD_ENGINE": [
        3,
        0
    ],
    "MOD_EXHAUST": [
        1,
        0
    ],
    "MOD_FENDER": [
        2,
        0
    ],
    "MOD_FRAME": [
        2,
        0
    ],
    "MOD_FRONTBUMPER": [
        2,
        0
    ],
    "MOD_FRONTWHEEL": [
        116,
        0
    ],
    "MOD_GRILLE": [
        8,
        0
    ],
    "MOD_HOOD": [
        9,
        0
    ],
    "MOD_HORNS": [
        0,
        0
    ],
    "MOD_REARBUMPER": [
        2,
        0
    ],
    "MOD_SUSPENSION": [
        3,
        0
    ],
    "MOD_TIRESMOKE": "TOGGLE",
    "MOD_TRANSMISSION": [
        2,
        0
    ],
    "MOD_TURBO": "TOGGLE",
    "MOD_XENONHEADLIGHTS": "TOGGLE",
    "clan_logo": 0,
    "custom_primary_color": [
        225,
        250,
        5
    ],
    "custom_secondary_color": [
        225,
        250,
        5
    ],
    "dash_color": 0,
    "drift_tires": 0,
    "has_collision": true,
    "headlight_color": 5,
    "interior_color": 1,
    "is_visible": true,
    "model_attachments": [],
    "neon_color": [
        0,
        0,
        0
    ],
    "neon_lights": [
        false,
        false,
        false,
        false
    ],
    "pearlescent_color": 0,
    "plate_text": "24PBC529",
    "plate_text_index": 1,
    "primary_color": 0,
    "radio_station": "OFF",
    "secondary_color": 10,
    "tire_can_burst": 0,
    "tire_smoke_color": [
        255,
        255,
        255
    ],
    "vehicle_attachments": [],
    "vehicle_extras": [],
    "vehicle_model_hash": 433954513,
    "vehicle_window_tint": 1,
    "wheel_color": 91,
    "wheel_type": 10
}