{
    "": "TOGGLE",
    "MOD_AERIALS": [
        10,
        0
    ],
    "MOD_AIRFILTER": [
        6,
        0
    ],
    "MOD_ARMOR": [
        4,
        0
    ],
    "MOD_BRAKES": [
        2,
        0
    ],
    "MOD_DASHBOARD": [
        4,
        0
    ],
    "MOD_DIALDESIGN": [
        4,
        0
    ],
    "MOD_DOORSPEAKERS": [
        0,
        0
    ],
    "MOD_ENGINE": [
        3,
        0
    ],
    "MOD_ENGINEBLOCK": [
        3,
        0
    ],
    "MOD_EXHAUST": [
        5,
        0
    ],
    "MOD_FENDER": [
        2,
        0
    ],
    "MOD_FRAME": [
        4,
        0
    ],
    "MOD_FRONTBUMPER": [
        2,
        0
    ],
    "MOD_FRONTWHEEL": [
        48,
        0
    ],
    "MOD_GRILLE": [
        0,
        0
    ],
    "MOD_HOOD": [
        4,
        0
    ],
    "MOD_LIVERY": [
        3,
        0
    ],
    "MOD_PLATEHOLDER": [
        0,
        0
    ],
    "MOD_SEATS": [
        7,
        0
    ],
    "MOD_SIDESKIRT": [
        3,
        0
    ],
    "MOD_SPOILERS": [
        15,
        0
    ],
    "MOD_STEERINGWHEELS": [
        8,
        0
    ],
    "MOD_STRUTS": [
        11,
        0
    ],
    "MOD_SUSPENSION": [
        3,
        0
    ],
    "MOD_TANK": [
        4,
        0
    ],
    "MOD_TIRESMOKE": "TOGGLE",
    "MOD_TRANSMISSION": [
        2,
        0
    ],
    "MOD_TRIMDESIGN": [
        0,
        0
    ],
    "MOD_TURBO": "TOGGLE",
    "MOD_VANITYPLATES": [
        2,
        0
    ],
    "MOD_WINDOWS": [
        1,
        0
    ],
    "MOD_XENONHEADLIGHTS": "TOGGLE",
    "clan_logo": 0,
    "dash_color": 64,
    "drift_tires": 0,
    "has_collision": true,
    "headlight_color": 255,
    "interior_color": 31,
    "is_visible": true,
    "model_attachments": [],
    "neon_color": [
        2,
        21,
        255
    ],
    "neon_lights": [
        true,
        true,
        true,
        true
    ],
    "pearlescent_color": 4,
    "plate_text": "46EEK572",
    "plate_text_index": 3,
    "primary_color": 4,
    "radio_station": "RADIO_19_USER",
    "secondary_color": 4,
    "tire_can_burst": 0,
    "tire_smoke_color": [
        255,
        255,
        255
    ],
    "vehicle_attachments": [],
    "vehicle_extras": [],
    "vehicle_model_hash": 196747873,
    "vehicle_window_tint": 1,
    "wheel_color": 156,
    "wheel_type": 0
}