{
    "MOD_ARMOR": [
        4,
        0
    ],
    "MOD_BRAKES": [
        2,
        0
    ],
    "MOD_ENGINE": [
        3,
        0
    ],
    "MOD_EXHAUST": [
        10,
        0
    ],
    "MOD_FENDER": [
        0,
        0
    ],
    "MOD_FRONTBUMPER": [
        15,
        0
    ],
    "MOD_FRONTWHEEL": [
        18,
        0
    ],
    "MOD_HOOD": [
        16,
        0
    ],
    "MOD_REARBUMPER": [
        16,
        0
    ],
    "MOD_RIGHTFENDER": [
        0,
        0
    ],
    "MOD_ROOF": [
        7,
        0
    ],
    "MOD_SIDESKIRT": [
        13,
        0
    ],
    "MOD_SPOILERS": [
        20,
        0
    ],
    "MOD_SUSPENSION": [
        3,
        0
    ],
    "MOD_TRANSMISSION": [
        2,
        0
    ],
    "MOD_TURBO": "TOGGLE",
    "clan_logo": 0,
    "dash_color": 37,
    "drift_tires": 0,
    "has_collision": true,
    "headlight_color": 255,
    "interior_color": 156,
    "is_visible": true,
    "model_attachments": [],
    "neon_color": [
        3,
        83,
        255
    ],
    "neon_lights": [
        true,
        true,
        true,
        true
    ],
    "pearlescent_color": 134,
    "plate_text": "BOOSTEDD",
    "plate_text_index": 3,
    "primary_color": 140,
    "radio_station": "RADIO_37_MOTOMAMI",
    "secondary_color": 140,
    "tire_can_burst": 0,
    "vehicle_attachments": [],
    "vehicle_extras": [],
    "vehicle_model_hash": 274946574,
    "vehicle_window_tint": 1,
    "wheel_color": 140,
    "wheel_type": 10
}