{
    "MOD_AERIALS": [
        3,
        0
    ],
    "MOD_ARMOR": [
        4,
        0
    ],
    "MOD_BRAKES": [
        2,
        0
    ],
    "MOD_ENGINE": [
        3,
        0
    ],
    "MOD_FENDER": [
        2,
        0
    ],
    "MOD_FRAME": [
        0,
        0
    ],
    "MOD_FRONTBUMPER": [
        12,
        0
    ],
    "MOD_FRONTWHEEL": [
        70,
        0
    ],
    "MOD_GRILLE": [
        2,
        0
    ],
    "MOD_HOOD": [
        0,
        0
    ],
    "MOD_LIVERY": [
        8,
        0
    ],
    "MOD_REARBUMPER": [
        4,
        0
    ],
    "MOD_RIGHTFENDER": [
        0,
        0
    ],
    "MOD_ROOF": [
        3,
        0
    ],
    "MOD_SIDESKIRT": [
        11,
        0
    ],
    "MOD_SPOILERS": [
        7,
        0
    ],
    "MOD_SUSPENSION": [
        2,
        0
    ],
    "MOD_TIRESMOKE": "TOGGLE",
    "MOD_TRANSMISSION": [
        2,
        0
    ],
    "MOD_TRIM": [
        1,
        0
    ],
    "MOD_TRIMDESIGN": [
        3,
        0
    ],
    "MOD_TURBO": "TOGGLE",
    "MOD_XENONHEADLIGHTS": "TOGGLE",
    "clan_logo": 0,
    "custom_primary_color": [
        255,
        0,
        0
    ],
    "custom_secondary_color": [
        255,
        0,
        0
    ],
    "dash_color": 0,
    "drift_tires": 0,
    "has_collision": true,
    "headlight_color": 8,
    "interior_color": 150,
    "is_visible": true,
    "model_attachments": [],
    "neon_color": [
        255,
        1,
        1
    ],
    "neon_lights": [
        true,
        true,
        true,
        true
    ],
    "pearlescent_color": 111,
    "plate_text": "61YQG536",
    "plate_text_index": 6,
    "primary_color": 28,
    "radio_station": "RADIO_36_AUDIOPLAYER",
    "secondary_color": 28,
    "tire_can_burst": 0,
    "tire_smoke_color": [
        0,
        0,
        0
    ],
    "vehicle_attachments": [],
    "vehicle_extras": [],
    "vehicle_model_hash": 669204833,
    "vehicle_window_tint": 0,
    "wheel_color": 122,
    "wheel_type": 10
}