{
    "MOD_ARMOR": [
        4,
        0
    ],
    "MOD_ENGINE": [
        3,
        0
    ],
    "MOD_FRAME": [
        0,
        0
    ],
    "MOD_GRILLE": [
        1,
        0
    ],
    "MOD_LIVERY": [
        26,
        0
    ],
    "MOD_ROOF": [
        1,
        0
    ],
    "MOD_XENONHEADLIGHTS": "TOGGLE",
    "clan_logo": 1,
    "dash_color": 132,
    "has_collision": true,
    "headlight_color": 255,
    "interior_color": 1,
    "is_invincible": false,
    "is_visible": true,
    "model_attachments": [],
    "neon_color": [
        255,
        0,
        255
    ],
    "neon_lights": [
        false,
        false,
        false,
        false
    ],
    "pearlescent_color": 73,
    "plate_text": "83XTO418",
    "plate_text_index": 0,
    "primary_color": 141,
    "radio_station": "RADIO_27_DLC_PRHEI4",
    "secondary_color": 131,
    "vehicle_attachments": [],
    "vehicle_extras": [],
    "vehicle_model_hash": 2069146067,
    "vehicle_window_tint": 0,
    "wheel_color": 156,
    "wheel_type": 6
}