{
    "custom_primary_color": [
        2,
        0,
        20
    ],
    "custom_secondary_color": [
        88,
        112,
        161
    ],
    "drift_tires": 0,
    "has_collision": true,
    "is_visible": true,
    "model_attachments": [],
    "pearlescent_color": 41,
    "plate_text": "L D BRUT",
    "plate_text_index": 0,
    "primary_color": 161,
    "radio_station": "OFF",
    "secondary_color": 120,
    "tire_can_burst": 0,
    "vehicle_attachments": [],
    "vehicle_extras": [],
    "vehicle_model_hash": 239897677,
    "vehicle_window_tint": 1,
    "wheel_color": 0
}