{
    "MOD_ARMOR": [
        4,
        0
    ],
    "MOD_BRAKES": [
        2,
        0
    ],
    "MOD_ENGINE": [
        3,
        0
    ],
    "MOD_EXHAUST": [
        3,
        0
    ],
    "MOD_FENDER": [
        0,
        0
    ],
    "MOD_FRAME": [
        0,
        0
    ],
    "MOD_FRONTBUMPER": [
        15,
        0
    ],
    "MOD_FRONTWHEEL": [
        107,
        0
    ],
    "MOD_GRILLE": [
        7,
        0
    ],
    "MOD_HORNS": [
        48,
        0
    ],
    "MOD_LIVERY": [
        1,
        0
    ],
    "MOD_REARBUMPER": [
        11,
        0
    ],
    "MOD_RIGHTFENDER": [
        0,
        0
    ],
    "MOD_ROOF": [
        1,
        0
    ],
    "MOD_SIDESKIRT": [
        17,
        0
    ],
    "MOD_SPOILERS": [
        23,
        0
    ],
    "MOD_TIRESMOKE": "TOGGLE",
    "MOD_TRANSMISSION": [
        2,
        0
    ],
    "MOD_TRIM": [
        1,
        0
    ],
    "MOD_TURBO": "TOGGLE",
    "MOD_XENONHEADLIGHTS": "TOGGLE",
    "clan_logo": 0,
    "custom_primary_color": [
        121,
        75,
        255
    ],
    "custom_secondary_color": [
        121,
        75,
        255
    ],
    "dash_color": 0,
    "drift_tires": 0,
    "has_collision": true,
    "headlight_color": 0,
    "interior_color": 111,
    "is_visible": true,
    "model_attachments": [],
    "neon_color": [
        119,
        72,
        255
    ],
    "neon_lights": [
        true,
        true,
        true,
        true
    ],
    "pearlescent_color": 70,
    "plate_text": "DOGONPAI",
    "plate_text_index": 0,
    "primary_color": 91,
    "radio_station": "RADIO_13_JAZZ",
    "secondary_color": 91,
    "tire_can_burst": 0,
    "tire_smoke_color": [
        0,
        0,
        0
    ],
    "vehicle_attachments": [],
    "vehicle_extras": [],
    "vehicle_model_hash": 3348919626,
    "vehicle_window_tint": 1,
    "wheel_color": 122,
    "wheel_type": 8
}