{
    "": "TOGGLE",
    "MOD_AERIALS": [
        6,
        0
    ],
    "MOD_ARCHCOVER": [
        6,
        0
    ],
    "MOD_ARMOR": [
        4,
        0
    ],
    "MOD_BRAKES": [
        2,
        0
    ],
    "MOD_ENGINE": [
        3,
        0
    ],
    "MOD_FRONTWHEEL": [
        123,
        0
    ],
    "MOD_LIVERY": [
        24,
        0
    ],
    "MOD_SUSPENSION": [
        3,
        0
    ],
    "MOD_TIRESMOKE": "TOGGLE",
    "MOD_TRANSMISSION": [
        2,
        0
    ],
    "MOD_TRIM": [
        5,
        0
    ],
    "MOD_TURBO": "TOGGLE",
    "clan_logo": 0,
    "custom_primary_color": [
        0,
        255,
        238
    ],
    "custom_secondary_color": [
        0,
        255,
        238
    ],
    "dash_color": 111,
    "drift_tires": 0,
    "has_collision": true,
    "headlight_color": 255,
    "interior_color": 111,
    "is_visible": true,
    "model_attachments": [],
    "neon_color": [
        0,
        255,
        255
    ],
    "neon_lights": [
        true,
        true,
        true,
        true
    ],
    "pearlescent_color": 0,
    "plate_text": "DOGONPAI",
    "plate_text_index": 4,
    "primary_color": 120,
    "radio_station": "OFF",
    "secondary_color": 120,
    "tire_can_burst": 0,
    "tire_smoke_color": [
        0,
        0,
        0
    ],
    "vehicle_attachments": [],
    "vehicle_extras": [
        [
            1,
            true
        ],
        [
            2,
            false
        ],
        [
            3,
            true
        ],
        [
            4,
            true
        ]
    ],
    "vehicle_model_hash": 2620582743,
    "vehicle_window_tint": 0,
    "wheel_color": 122,
    "wheel_type": 8
}