{
    "custom_primary_color": [
        15,
        0,
        60
    ],
    "custom_secondary_color": [
        88,
        112,
        161
    ],
    "drift_tires": 0,
    "has_collision": true,
    "is_visible": true,
    "model_attachments": [],
    "pearlescent_color": 140,
    "plate_text": "UTAL D B",
    "plate_text_index": 7,
    "primary_color": 118,
    "radio_station": "RADIO_19_USER",
    "secondary_color": 120,
    "tire_can_burst": 0,
    "vehicle_attachments": [],
    "vehicle_extras": [],
    "vehicle_model_hash": 2908775872,
    "vehicle_window_tint": 1,
    "wheel_color": 0
}