{
    "MOD_ARMOR": [
        4,
        0
    ],
    "MOD_BRAKES": [
        2,
        0
    ],
    "MOD_DASHBOARD": [
        5,
        0
    ],
    "MOD_ENGINE": [
        3,
        0
    ],
    "MOD_FRONTWHEEL": [
        9,
        0
    ],
    "MOD_HOOD": [
        4,
        0
    ],
    "MOD_LIVERY": [
        4,
        0
    ],
    "MOD_PLATEHOLDER": [
        0,
        0
    ],
    "MOD_REARBUMPER": [
        6,
        0
    ],
    "MOD_ROOF": [
        1,
        0
    ],
    "MOD_SIDESKIRT": [
        7,
        0
    ],
    "MOD_SPOILERS": [
        14,
        0
    ],
    "MOD_STEERINGWHEELS": [
        14,
        0
    ],
    "MOD_TIRESMOKE": "TOGGLE",
    "MOD_TRANSMISSION": [
        2,
        0
    ],
    "MOD_TURBO": "TOGGLE",
    "MOD_VANITYPLATES": [
        1,
        0
    ],
    "clan_logo": 0,
    "custom_primary_color": [
        250,
        176,
        6
    ],
    "dash_color": 89,
    "drift_tires": 0,
    "has_collision": true,
    "headlight_color": 255,
    "interior_color": 0,
    "is_visible": true,
    "model_attachments": [],
    "neon_color": [
        255,
        0,
        255
    ],
    "neon_lights": [
        false,
        false,
        false,
        false
    ],
    "pearlescent_color": 91,
    "plate_text": "PORSCHE ",
    "plate_text_index": 1,
    "primary_color": 88,
    "radio_station": "RADIO_02_POP",
    "secondary_color": 89,
    "tire_can_burst": 0,
    "tire_smoke_color": [
        20,
        20,
        20
    ],
    "vehicle_attachments": [],
    "vehicle_extras": [],
    "vehicle_model_hash": 2568944644,
    "vehicle_window_tint": 3,
    "wheel_color": 0,
    "wheel_type": 7
}