{
    "": [
        0,
        0
    ],
    "MOD_AIRFILTER": [
        7,
        0
    ],
    "MOD_ARMOR": [
        4,
        0
    ],
    "MOD_BRAKES": [
        2,
        0
    ],
    "MOD_DASHBOARD": [
        2,
        0
    ],
    "MOD_DIALDESIGN": [
        14,
        0
    ],
    "MOD_DOORSPEAKERS": [
        3,
        0
    ],
    "MOD_ENGINE": [
        3,
        0
    ],
    "MOD_ENGINEBLOCK": [
        0,
        0
    ],
    "MOD_EXHAUST": [
        3,
        0
    ],
    "MOD_FRAME": [
        4,
        0
    ],
    "MOD_FRONTBUMPER": [
        5,
        0
    ],
    "MOD_FRONTWHEEL": [
        20,
        1
    ],
    "MOD_GRILLE": [
        5,
        0
    ],
    "MOD_HOOD": [
        8,
        0
    ],
    "MOD_HORNS": [
        42,
        0
    ],
    "MOD_LIVERY": [
        9,
        0
    ],
    "MOD_REARBUMPER": [
        2,
        0
    ],
    "MOD_SEATS": [
        1,
        0
    ],
    "MOD_SIDESKIRT": [
        3,
        0
    ],
    "MOD_SPOILERS": [
        12,
        0
    ],
    "MOD_STEERINGWHEELS": [
        2,
        0
    ],
    "MOD_STRUTS": [
        4,
        0
    ],
    "MOD_SUSPENSION": [
        3,
        0
    ],
    "MOD_TANK": [
        4,
        0
    ],
    "MOD_TRANSMISSION": [
        2,
        0
    ],
    "MOD_TRIMDESIGN": [
        0,
        0
    ],
    "MOD_TURBO": "TOGGLE",
    "MOD_VANITYPLATES": [
        6,
        0
    ],
    "MOD_XENONHEADLIGHTS": "TOGGLE",
    "clan_logo": 0,
    "dash_color": 135,
    "has_collision": true,
    "headlight_color": 1,
    "interior_color": 137,
    "is_invincible": false,
    "is_visible": true,
    "model_attachments": [],
    "neon_color": [
        255,
        5,
        190
    ],
    "neon_lights": [
        true,
        true,
        true,
        true
    ],
    "pearlescent_color": 3,
    "plate_text": "2QMMD943",
    "plate_text_index": 0,
    "primary_color": 137,
    "radio_station": "RADIO_36_AUDIOPLAYER",
    "secondary_color": 12,
    "tire_smoke_color": [
        0,
        174,
        239
    ],
    "vehicle_attachments": [],
    "vehicle_extras": [],
    "vehicle_model_hash": 1377217886,
    "vehicle_window_tint": 1,
    "wheel_color": 0,
    "wheel_type": 5
}