{
    "": "TOGGLE",
    "MOD_ARMOR": [
        4,
        0
    ],
    "MOD_BRAKES": [
        2,
        0
    ],
    "MOD_ENGINE": [
        3,
        0
    ],
    "MOD_EXHAUST": [
        0,
        0
    ],
    "MOD_FRAME": [
        0,
        0
    ],
    "MOD_FRONTBUMPER": [
        1,
        0
    ],
    "MOD_FRONTWHEEL": [
        3,
        1
    ],
    "MOD_GRILLE": [
        0,
        0
    ],
    "MOD_HOOD": [
        2,
        0
    ],
    "MOD_LIVERY": [
        7,
        0
    ],
    "MOD_REARBUMPER": [
        1,
        0
    ],
    "MOD_SPOILERS": [
        2,
        0
    ],
    "MOD_SUSPENSION": [
        3,
        0
    ],
    "MOD_TRANSMISSION": [
        2,
        0
    ],
    "MOD_TURBO": "TOGGLE",
    "MOD_XENONHEADLIGHTS": "TOGGLE",
    "clan_logo": 0,
    "custom_primary_color": [
        55,
        55,
        55
    ],
    "custom_secondary_color": [
        0,
        0,
        0
    ],
    "dash_color": 27,
    "has_collision": true,
    "headlight_color": 8,
    "interior_color": 27,
    "is_invincible": false,
    "is_visible": true,
    "model_attachments": [],
    "neon_color": [
        255,
        0,
        0
    ],
    "neon_lights": [
        true,
        true,
        true,
        true
    ],
    "pearlescent_color": 27,
    "plate_text": "82GHH087",
    "plate_text_index": 1,
    "primary_color": 2,
    "radio_station": "RADIO_16_SILVERLAKE",
    "secondary_color": 2,
    "tire_smoke_color": [
        226,
        6,
        6
    ],
    "vehicle_attachments": [],
    "vehicle_extras": [],
    "vehicle_model_hash": 3917501776,
    "vehicle_window_tint": 1,
    "wheel_color": 27,
    "wheel_type": 7
}