{
    "": "TOGGLE",
    "MOD_ARMOR": [
        4,
        0
    ],
    "MOD_BRAKES": [
        2,
        0
    ],
    "MOD_ENGINE": [
        3,
        0
    ],
    "MOD_FRONTWHEEL": [
        107,
        0
    ],
    "MOD_HORNS": [
        38,
        0
    ],
    "MOD_SUSPENSION": [
        3,
        0
    ],
    "MOD_TIRESMOKE": "TOGGLE",
    "MOD_TRANSMISSION": [
        2,
        0
    ],
    "MOD_TURBO": "TOGGLE",
    "MOD_XENONHEADLIGHTS": "TOGGLE",
    "clan_logo": 0,
    "custom_primary_color": [
        123,
        0,
        255
    ],
    "custom_secondary_color": [
        123,
        0,
        255
    ],
    "dash_color": 0,
    "drift_tires": 0,
    "has_collision": true,
    "headlight_color": 12,
    "interior_color": 0,
    "is_visible": true,
    "model_attachments": [],
    "neon_color": [
        35,
        0,
        255
    ],
    "neon_lights": [
        true,
        true,
        true,
        true
    ],
    "pearlescent_color": 0,
    "plate_text": "DOGONPAI",
    "plate_text_index": 1,
    "primary_color": 120,
    "radio_station": "RADIO_09_HIPHOP_OLD",
    "secondary_color": 120,
    "tire_can_burst": 0,
    "tire_smoke_color": [
        0,
        0,
        0
    ],
    "vehicle_attachments": [],
    "vehicle_extras": [],
    "vehicle_livery": 1,
    "vehicle_model_hash": 1162065741,
    "vehicle_window_tint": 1,
    "wheel_color": 122,
    "wheel_type": 8
}