{
    "": "TOGGLE",
    "MOD_ARMOR": [
        4,
        0
    ],
    "MOD_BRAKES": [
        2,
        0
    ],
    "MOD_ENGINE": [
        3,
        0
    ],
    "MOD_FRONTWHEEL": [
        116,
        0
    ],
    "MOD_LIVERY": [
        2,
        0
    ],
    "MOD_TIRESMOKE": "TOGGLE",
    "MOD_TRANSMISSION": [
        3,
        0
    ],
    "MOD_TURBO": "TOGGLE",
    "clan_logo": 0,
    "custom_primary_color": [
        169,
        134,
        255
    ],
    "custom_secondary_color": [
        169,
        134,
        255
    ],
    "dash_color": 0,
    "drift_tires": 0,
    "has_collision": true,
    "headlight_color": 255,
    "interior_color": 111,
    "is_visible": true,
    "model_attachments": [],
    "neon_color": [
        178,
        135,
        255
    ],
    "neon_lights": [
        true,
        true,
        true,
        true
    ],
    "pearlescent_color": 107,
    "plate_text": "DOGONPAI",
    "plate_text_index": 3,
    "primary_color": 30,
    "radio_station": "RADIO_35_DLC_HEI4_MLR",
    "secondary_color": 0,
    "tire_can_burst": 0,
    "tire_smoke_color": [
        0,
        0,
        0
    ],
    "vehicle_attachments": [],
    "vehicle_extras": [],
    "vehicle_model_hash": 3656405053,
    "vehicle_window_tint": 1,
    "wheel_color": 122,
    "wheel_type": 8
}