{
    "": "TOGGLE",
    "MOD_ARMOR": [
        4,
        0
    ],
    "MOD_BRAKES": [
        2,
        0
    ],
    "MOD_ENGINE": [
        3,
        0
    ],
    "MOD_FRONTWHEEL": [
        89,
        0
    ],
    "MOD_HORNS": [
        2,
        0
    ],
    "MOD_LIVERY": [
        7,
        0
    ],
    "MOD_TRANSMISSION": [
        3,
        0
    ],
    "MOD_TURBO": "TOGGLE",
    "MOD_XENONHEADLIGHTS": "TOGGLE",
    "clan_logo": 0,
    "custom_primary_color": [
        126,
        5,
        243
    ],
    "custom_secondary_color": [
        126,
        5,
        243
    ],
    "dash_color": 136,
    "has_collision": true,
    "headlight_color": 11,
    "interior_color": 150,
    "is_invincible": true,
    "is_visible": true,
    "model_attachments": [],
    "neon_color": [
        150,
        0,
        252
    ],
    "neon_lights": [
        true,
        true,
        true,
        true
    ],
    "pearlescent_color": 136,
    "plate_text": "EZZZZZZ ",
    "plate_text_index": 0,
    "primary_color": 120,
    "radio_station": "RADIO_14_DANCE_02",
    "secondary_color": 120,
    "tire_smoke_color": [
        120,
        19,
        192
    ],
    "vehicle_attachments": [],
    "vehicle_extras": [],
    "vehicle_model_hash": 3656405053,
    "vehicle_window_tint": 6,
    "wheel_color": 27,
    "wheel_type": 10
}