{
    "": "TOGGLE",
    "MOD_ARMOR": [
        4,
        0
    ],
    "MOD_BRAKES": [
        2,
        0
    ],
    "MOD_ENGINE": [
        3,
        0
    ],
    "MOD_FRONTWHEEL": [
        0,
        0
    ],
    "MOD_SUSPENSION": [
        3,
        0
    ],
    "MOD_TIRESMOKE": "TOGGLE",
    "MOD_TRANSMISSION": [
        2,
        0
    ],
    "MOD_TURBO": "TOGGLE",
    "MOD_XENONHEADLIGHTS": "TOGGLE",
    "clan_logo": 0,
    "custom_primary_color": [
        255,
        246,
        0
    ],
    "custom_secondary_color": [
        255,
        246,
        0
    ],
    "dash_color": 0,
    "drift_tires": 0,
    "has_collision": true,
    "headlight_color": 255,
    "interior_color": 111,
    "is_visible": true,
    "model_attachments": [],
    "neon_color": [
        255,
        233,
        0
    ],
    "neon_lights": [
        true,
        true,
        true,
        true
    ],
    "pearlescent_color": 111,
    "plate_text": "DOGONPAI",
    "plate_text_index": 4,
    "primary_color": 111,
    "radio_station": "RADIO_09_HIPHOP_OLD",
    "secondary_color": 111,
    "tire_can_burst": 0,
    "tire_smoke_color": [
        0,
        0,
        0
    ],
    "vehicle_attachments": [],
    "vehicle_extras": [
        [
            1,
            false
        ],
        [
            10,
            false
        ],
        [
            11,
            true
        ],
        [
            12,
            true
        ]
    ],
    "vehicle_model_hash": 469291905,
    "vehicle_window_tint": 1,
    "wheel_color": 89,
    "wheel_type": 10
}