{
    "custom_primary_color": [
        148,
        255,
        0
    ],
    "custom_secondary_color": [
        148,
        255,
        0
    ],
    "drift_tires": 0,
    "has_collision": true,
    "is_visible": true,
    "model_attachments": [],
    "pearlescent_color": 88,
    "plate_text": "DOGONPAI",
    "plate_text_index": 12,
    "primary_color": 5,
    "radio_station": "RADIO_36_AUDIOPLAYER",
    "secondary_color": 125,
    "tire_can_burst": 0,
    "vehicle_attachments": [],
    "vehicle_extras": [],
    "vehicle_model_hash": 301304410,
    "vehicle_window_tint": 0,
    "wheel_color": 55
}