{
    "MOD_AIRFILTER": [
        4,
        0
    ],
    "MOD_ARMOR": [
        4,
        0
    ],
    "MOD_BRAKES": [
        2,
        0
    ],
    "MOD_DASHBOARD": [
        0,
        0
    ],
    "MOD_DIALDESIGN": [
        13,
        0
    ],
    "MOD_DOORSPEAKERS": [
        0,
        0
    ],
    "MOD_ENGINE": [
        3,
        0
    ],
    "MOD_ENGINEBLOCK": [
        0,
        0
    ],
    "MOD_EXHAUST": [
        3,
        0
    ],
    "MOD_FRONTBUMPER": [
        1,
        0
    ],
    "MOD_FRONTWHEEL": [
        18,
        0
    ],
    "MOD_HOOD": [
        9,
        0
    ],
    "MOD_REARBUMPER": [
        3,
        0
    ],
    "MOD_SIDESKIRT": [
        2,
        0
    ],
    "MOD_STRUTS": [
        10,
        0
    ],
    "MOD_SUSPENSION": [
        2,
        0
    ],
    "MOD_TIRESMOKE": "TOGGLE",
    "MOD_TRANSMISSION": [
        2,
        0
    ],
    "MOD_TURBO": "TOGGLE",
    "MOD_XENONHEADLIGHTS": "TOGGLE",
    "clan_logo": 0,
    "dash_color": 70,
    "drift_tires": 0,
    "has_collision": true,
    "headlight_color": 255,
    "interior_color": 73,
    "is_visible": true,
    "model_attachments": [],
    "neon_color": [
        255,
        0,
        255
    ],
    "neon_lights": [
        false,
        false,
        false,
        false
    ],
    "pearlescent_color": 2,
    "plate_text": " SUBARU ",
    "plate_text_index": 2,
    "primary_color": 64,
    "radio_station": "RADIO_36_AUDIOPLAYER",
    "secondary_color": 64,
    "tire_can_burst": 0,
    "tire_smoke_color": [
        20,
        20,
        20
    ],
    "vehicle_attachments": [],
    "vehicle_extras": [],
    "vehicle_model_hash": 4003946083,
    "vehicle_window_tint": 1,
    "wheel_color": 90,
    "wheel_type": 5
}