{
    "MOD_ARMOR": [
        4,
        0
    ],
    "MOD_BRAKES": [
        2,
        0
    ],
    "MOD_ENGINE": [
        3,
        0
    ],
    "MOD_EXHAUST": [
        8,
        0
    ],
    "MOD_FRAME": [
        2,
        0
    ],
    "MOD_FRONTBUMPER": [
        4,
        0
    ],
    "MOD_FRONTWHEEL": [
        18,
        1
    ],
    "MOD_GRILLE": [
        3,
        0
    ],
    "MOD_HOOD": [
        8,
        0
    ],
    "MOD_HORNS": [
        0,
        0
    ],
    "MOD_LIVERY": [
        8,
        0
    ],
    "MOD_REARBUMPER": [
        3,
        0
    ],
    "MOD_RIGHTFENDER": [
        3,
        0
    ],
    "MOD_ROOF": [
        1,
        0
    ],
    "MOD_SIDESKIRT": [
        3,
        0
    ],
    "MOD_SPOILERS": [
        15,
        0
    ],
    "MOD_SUSPENSION": [
        3,
        0
    ],
    "MOD_TIRESMOKE": "TOGGLE",
    "MOD_TRANSMISSION": [
        2,
        0
    ],
    "MOD_XENONHEADLIGHTS": "TOGGLE",
    "clan_logo": 0,
    "dash_color": 0,
    "drift_tires": 0,
    "has_collision": true,
    "headlight_color": 255,
    "interior_color": 1,
    "is_visible": true,
    "model_attachments": [],
    "neon_color": [
        2,
        21,
        255
    ],
    "neon_lights": [
        true,
        true,
        true,
        true
    ],
    "pearlescent_color": 68,
    "plate_text": "6ZZPP155",
    "plate_text_index": 1,
    "primary_color": 64,
    "radio_station": "RADIO_14_DANCE_02",
    "secondary_color": 64,
    "tire_can_burst": 0,
    "tire_smoke_color": [
        0,
        174,
        239
    ],
    "vehicle_attachments": [],
    "vehicle_extras": [],
    "vehicle_model_hash": 872704284,
    "vehicle_window_tint": 1,
    "wheel_color": 64,
    "wheel_type": 7
}