{
    "": "TOGGLE",
    "MOD_AERIALS": [
        1,
        0
    ],
    "MOD_ARMOR": [
        4,
        0
    ],
    "MOD_BRAKES": [
        2,
        0
    ],
    "MOD_DASHBOARD": [
        2,
        0
    ],
    "MOD_DIALDESIGN": [
        6,
        0
    ],
    "MOD_ENGINE": [
        3,
        0
    ],
    "MOD_EXHAUST": [
        3,
        0
    ],
    "MOD_FRONTBUMPER": [
        3,
        0
    ],
    "MOD_FRONTWHEEL": [
        1,
        1
    ],
    "MOD_GRILLE": [
        1,
        0
    ],
    "MOD_HOOD": [
        9,
        0
    ],
    "MOD_HORNS": [
        7,
        0
    ],
    "MOD_LIVERY": [
        13,
        0
    ],
    "MOD_REARBUMPER": [
        2,
        0
    ],
    "MOD_RIGHTFENDER": [
        1,
        0
    ],
    "MOD_SIDESKIRT": [
        2,
        0
    ],
    "MOD_SPOILERS": [
        7,
        0
    ],
    "MOD_SUSPENSION": [
        3,
        0
    ],
    "MOD_TRANSMISSION": [
        2,
        0
    ],
    "MOD_TRIMDESIGN": [
        0,
        0
    ],
    "MOD_TURBO": "TOGGLE",
    "MOD_XENONHEADLIGHTS": "TOGGLE",
    "clan_logo": 0,
    "dash_color": 138,
    "has_collision": true,
    "headlight_color": 7,
    "interior_color": 138,
    "is_invincible": false,
    "is_visible": true,
    "model_attachments": [],
    "neon_color": [
        255,
        62,
        0
    ],
    "neon_lights": [
        true,
        true,
        true,
        true
    ],
    "pearlescent_color": 111,
    "plate_text": "48PUS247",
    "plate_text_index": 1,
    "primary_color": 138,
    "radio_station": "OFF",
    "secondary_color": 138,
    "tire_smoke_color": [
        255,
        127,
        0
    ],
    "vehicle_attachments": [],
    "vehicle_extras": [],
    "vehicle_model_hash": 4003946083,
    "vehicle_window_tint": 1,
    "wheel_color": 0,
    "wheel_type": 5
}