{
    "MOD_AIRFILTER": [
        3,
        0
    ],
    "MOD_ARMOR": [
        4,
        0
    ],
    "MOD_BRAKES": [
        2,
        0
    ],
    "MOD_DASHBOARD": [
        2,
        0
    ],
    "MOD_DIALDESIGN": [
        3,
        0
    ],
    "MOD_ENGINE": [
        3,
        0
    ],
    "MOD_EXHAUST": [
        1,
        0
    ],
    "MOD_FRONTBUMPER": [
        3,
        0
    ],
    "MOD_FRONTWHEEL": [
        108,
        0
    ],
    "MOD_GRILLE": [
        2,
        0
    ],
    "MOD_HOOD": [
        9,
        0
    ],
    "MOD_LIVERY": [
        3,
        0
    ],
    "MOD_REARBUMPER": [
        0,
        0
    ],
    "MOD_RIGHTFENDER": [
        1,
        0
    ],
    "MOD_SIDESKIRT": [
        2,
        0
    ],
    "MOD_SPOILERS": [
        4,
        0
    ],
    "MOD_STRUTS": [
        5,
        0
    ],
    "MOD_SUSPENSION": [
        2,
        0
    ],
    "MOD_TIRESMOKE": "TOGGLE",
    "MOD_TRANSMISSION": [
        2,
        0
    ],
    "MOD_TURBO": "TOGGLE",
    "MOD_XENONHEADLIGHTS": "TOGGLE",
    "clan_logo": 0,
    "custom_primary_color": [
        255,
        76,
        76
    ],
    "custom_secondary_color": [
        255,
        255,
        255
    ],
    "dash_color": 132,
    "drift_tires": 0,
    "has_collision": true,
    "headlight_color": 9,
    "interior_color": 148,
    "is_visible": true,
    "model_attachments": [],
    "neon_color": [
        255,
        50,
        100
    ],
    "neon_lights": [
        true,
        true,
        true,
        true
    ],
    "pearlescent_color": 89,
    "plate_text": "DERROCE ",
    "plate_text_index": 4,
    "primary_color": 120,
    "radio_station": "RADIO_09_HIPHOP_OLD",
    "secondary_color": 120,
    "tire_can_burst": 0,
    "tire_smoke_color": [
        38,
        7,
        0
    ],
    "vehicle_attachments": [],
    "vehicle_extras": [],
    "vehicle_model_hash": 4003946083,
    "vehicle_window_tint": 2,
    "wheel_color": 136,
    "wheel_type": 11
}