{
    "": [
        0,
        0
    ],
    "MOD_AIRFILTER": [
        8,
        0
    ],
    "MOD_ARCHCOVER": [
        1,
        0
    ],
    "MOD_ARMOR": [
        4,
        0
    ],
    "MOD_BRAKES": [
        2,
        0
    ],
    "MOD_DASHBOARD": [
        0,
        0
    ],
    "MOD_DOORSPEAKERS": [
        0,
        0
    ],
    "MOD_ENGINE": [
        3,
        0
    ],
    "MOD_ENGINEBLOCK": [
        4,
        0
    ],
    "MOD_FRAME": [
        5,
        0
    ],
    "MOD_FRONTBUMPER": [
        10,
        0
    ],
    "MOD_FRONTWHEEL": [
        107,
        0
    ],
    "MOD_HOOD": [
        19,
        0
    ],
    "MOD_HORNS": [
        42,
        0
    ],
    "MOD_LIVERY": [
        0,
        0
    ],
    "MOD_PLATEHOLDER": [
        0,
        0
    ],
    "MOD_REARBUMPER": [
        5,
        0
    ],
    "MOD_ROOF": [
        0,
        0
    ],
    "MOD_SEATS": [
        10,
        0
    ],
    "MOD_SIDESKIRT": [
        10,
        0
    ],
    "MOD_SPOILERS": [
        22,
        0
    ],
    "MOD_STEERINGWHEELS": [
        16,
        0
    ],
    "MOD_STRUTS": [
        11,
        0
    ],
    "MOD_SUSPENSION": [
        0,
        0
    ],
    "MOD_TANK": [
        2,
        0
    ],
    "MOD_TIRESMOKE": "TOGGLE",
    "MOD_TRANSMISSION": [
        2,
        0
    ],
    "MOD_TRIM": [
        10,
        0
    ],
    "MOD_TRIMDESIGN": [
        1,
        0
    ],
    "MOD_TURBO": "TOGGLE",
    "MOD_XENONHEADLIGHTS": "TOGGLE",
    "clan_logo": 0,
    "custom_primary_color": [
        0,
        255,
        74
    ],
    "dash_color": 111,
    "drift_tires": 0,
    "has_collision": true,
    "headlight_color": 0,
    "interior_color": 5,
    "is_visible": true,
    "model_attachments": [],
    "neon_color": [
        0,
        255,
        72
    ],
    "neon_lights": [
        true,
        true,
        true,
        true
    ],
    "pearlescent_color": 89,
    "plate_text": "DOGONPAI",
    "plate_text_index": 12,
    "primary_color": 117,
    "radio_station": "RADIO_35_DLC_HEI4_MLR",
    "secondary_color": 111,
    "tire_can_burst": 0,
    "tire_smoke_color": [
        0,
        0,
        0
    ],
    "vehicle_attachments": [],
    "vehicle_extras": [
        [
            1,
            true
        ],
        [
            2,
            true
        ]
    ],
    "vehicle_model_hash": 3050505892,
    "vehicle_window_tint": 1,
    "wheel_color": 122,
    "wheel_type": 8
}