{
    "": "TOGGLE",
    "MOD_ARMOR": [
        4,
        0
    ],
    "MOD_BRAKES": [
        2,
        0
    ],
    "MOD_ENGINE": [
        3,
        0
    ],
    "MOD_FRAME": [
        3,
        0
    ],
    "MOD_FRONTBUMPER": [
        7,
        0
    ],
    "MOD_FRONTWHEEL": [
        8,
        0
    ],
    "MOD_HORNS": [
        40,
        0
    ],
    "MOD_LIVERY": [
        0,
        0
    ],
    "MOD_REARBUMPER": [
        3,
        0
    ],
    "MOD_SPOILERS": [
        4,
        0
    ],
    "MOD_TIRESMOKE": "TOGGLE",
    "MOD_TURBO": "TOGGLE",
    "MOD_XENONHEADLIGHTS": "TOGGLE",
    "clan_logo": 0,
    "custom_primary_color": [
        255,
        0,
        74
    ],
    "custom_secondary_color": [
        255,
        0,
        74
    ],
    "dash_color": 0,
    "drift_tires": 0,
    "has_collision": true,
    "headlight_color": 10,
    "interior_color": 111,
    "is_visible": true,
    "model_attachments": [],
    "neon_color": [
        255,
        0,
        90
    ],
    "neon_lights": [
        true,
        true,
        true,
        true
    ],
    "pearlescent_color": 0,
    "plate_text": "DOGONPAI",
    "plate_text_index": 1,
    "primary_color": 12,
    "radio_station": "RADIO_36_AUDIOPLAYER",
    "secondary_color": 38,
    "tire_can_burst": 0,
    "tire_smoke_color": [
        0,
        0,
        0
    ],
    "vehicle_attachments": [],
    "vehicle_extras": [],
    "vehicle_model_hash": 1031562256,
    "vehicle_window_tint": 1,
    "wheel_color": 122,
    "wheel_type": 10
}