{
    "": "TOGGLE",
    "MOD_ARMOR": [
        4,
        0
    ],
    "MOD_BRAKES": [
        2,
        0
    ],
    "MOD_ENGINE": [
        3,
        0
    ],
    "MOD_EXHAUST": [
        9,
        0
    ],
    "MOD_FRAME": [
        2,
        0
    ],
    "MOD_FRONTBUMPER": [
        3,
        0
    ],
    "MOD_FRONTWHEEL": [
        54,
        0
    ],
    "MOD_GRILLE": [
        7,
        0
    ],
    "MOD_HOOD": [
        14,
        0
    ],
    "MOD_HORNS": [
        57,
        0
    ],
    "MOD_REARBUMPER": [
        2,
        0
    ],
    "MOD_ROOF": [
        2,
        0
    ],
    "MOD_SIDESKIRT": [
        4,
        0
    ],
    "MOD_SPOILERS": [
        8,
        0
    ],
    "MOD_TIRESMOKE": "TOGGLE",
    "MOD_TRANSMISSION": [
        2,
        0
    ],
    "MOD_TURBO": "TOGGLE",
    "MOD_XENONHEADLIGHTS": "TOGGLE",
    "clan_logo": 0,
    "dash_color": 111,
    "drift_tires": 0,
    "has_collision": true,
    "headlight_color": 9,
    "interior_color": 136,
    "is_visible": true,
    "model_attachments": [],
    "neon_color": [
        255,
        110,
        191
    ],
    "neon_lights": [
        true,
        true,
        true,
        true
    ],
    "pearlescent_color": 136,
    "plate_text": " JUANDI ",
    "plate_text_index": 0,
    "primary_color": 131,
    "radio_station": "OFF",
    "secondary_color": 154,
    "tire_can_burst": 0,
    "tire_smoke_color": [
        0,
        255,
        231
    ],
    "vehicle_attachments": [],
    "vehicle_extras": [],
    "vehicle_model_hash": 1044193113,
    "vehicle_window_tint": 1,
    "wheel_color": 112,
    "wheel_type": 8
}