{
    "MOD_ARMOR": [
        4,
        0
    ],
    "MOD_BRAKES": [
        2,
        0
    ],
    "MOD_ENGINE": [
        3,
        0
    ],
    "MOD_EXHAUST": [
        11,
        0
    ],
    "MOD_FENDER": [
        1,
        0
    ],
    "MOD_FRAME": [
        4,
        0
    ],
    "MOD_FRONTBUMPER": [
        14,
        0
    ],
    "MOD_FRONTWHEEL": [
        104,
        0
    ],
    "MOD_GRILLE": [
        7,
        0
    ],
    "MOD_HOOD": [
        7,
        0
    ],
    "MOD_LIVERY": [
        7,
        0
    ],
    "MOD_REARBUMPER": [
        11,
        0
    ],
    "MOD_ROOF": [
        11,
        0
    ],
    "MOD_SIDESKIRT": [
        16,
        0
    ],
    "MOD_SPOILERS": [
        16,
        0
    ],
    "MOD_SUSPENSION": [
        3,
        0
    ],
    "MOD_TIRESMOKE": "TOGGLE",
    "MOD_TRANSMISSION": [
        2,
        0
    ],
    "MOD_TURBO": "TOGGLE",
    "MOD_XENONHEADLIGHTS": "TOGGLE",
    "clan_logo": 0,
    "dash_color": 0,
    "drift_tires": 0,
    "has_collision": true,
    "headlight_color": 6,
    "interior_color": 70,
    "is_visible": true,
    "model_attachments": [],
    "neon_color": [
        255,
        150,
        5
    ],
    "neon_lights": [
        true,
        true,
        true,
        true
    ],
    "pearlescent_color": 111,
    "plate_text": "21WFH989",
    "plate_text_index": 1,
    "primary_color": 70,
    "radio_station": "RADIO_27_DLC_PRHEI4",
    "secondary_color": 89,
    "tire_can_burst": 0,
    "tire_smoke_color": [
        0,
        0,
        0
    ],
    "vehicle_attachments": [],
    "vehicle_extras": [],
    "vehicle_model_hash": 4129572538,
    "vehicle_window_tint": 1,
    "wheel_color": 70,
    "wheel_type": 10
}