{
    "MOD_AIRFILTER": [
        4,
        0
    ],
    "MOD_ARCHCOVER": [
        1,
        0
    ],
    "MOD_ARMOR": [
        4,
        0
    ],
    "MOD_BRAKES": [
        2,
        0
    ],
    "MOD_DASHBOARD": [
        1,
        0
    ],
    "MOD_ENGINE": [
        3,
        0
    ],
    "MOD_ENGINEBLOCK": [
        4,
        0
    ],
    "MOD_EXHAUST": [
        6,
        0
    ],
    "MOD_FRONTBUMPER": [
        9,
        0
    ],
    "MOD_FRONTWHEEL": [
        146,
        0
    ],
    "MOD_HOOD": [
        3,
        0
    ],
    "MOD_HORNS": [
        54,
        0
    ],
    "MOD_LIVERY": [
        5,
        0
    ],
    "MOD_PLATEHOLDER": [
        0,
        0
    ],
    "MOD_REARBUMPER": [
        5,
        0
    ],
    "MOD_ROOF": [
        0,
        0
    ],
    "MOD_SEATS": [
        11,
        0
    ],
    "MOD_SIDESKIRT": [
        12,
        0
    ],
    "MOD_SPOILERS": [
        25,
        0
    ],
    "MOD_STEERINGWHEELS": [
        15,
        0
    ],
    "MOD_STRUTS": [
        5,
        0
    ],
    "MOD_TIRESMOKE": "TOGGLE",
    "MOD_TRANSMISSION": [
        2,
        0
    ],
    "MOD_TRIM": [
        1,
        0
    ],
    "MOD_TURBO": "TOGGLE",
    "MOD_XENONHEADLIGHTS": "TOGGLE",
    "clan_logo": 0,
    "dash_color": 28,
    "drift_tires": 0,
    "has_collision": true,
    "headlight_color": 8,
    "interior_color": 7,
    "is_visible": true,
    "model_attachments": [],
    "neon_color": [
        255,
        0,
        0
    ],
    "neon_lights": [
        true,
        true,
        true,
        true
    ],
    "pearlescent_color": 27,
    "plate_text": "46EEK572",
    "plate_text_index": 0,
    "primary_color": 3,
    "radio_station": "RADIO_35_DLC_HEI4_MLR",
    "secondary_color": 27,
    "tire_can_burst": 0,
    "tire_smoke_color": [
        0,
        0,
        0
    ],
    "vehicle_attachments": [],
    "vehicle_extras": [
        [
            1,
            true
        ],
        [
            2,
            true
        ]
    ],
    "vehicle_model_hash": 3050505892,
    "vehicle_window_tint": 1,
    "wheel_color": 122,
    "wheel_type": 8
}