{
    "": "TOGGLE",
    "MOD_ARMOR": [
        4,
        0
    ],
    "MOD_BRAKES": [
        2,
        0
    ],
    "MOD_ENGINE": [
        3,
        0
    ],
    "MOD_EXHAUST": [
        7,
        0
    ],
    "MOD_FRAME": [
        2,
        0
    ],
    "MOD_FRONTBUMPER": [
        2,
        0
    ],
    "MOD_FRONTWHEEL": [
        109,
        0
    ],
    "MOD_GRILLE": [
        5,
        0
    ],
    "MOD_HOOD": [
        10,
        0
    ],
    "MOD_HORNS": [
        1,
        0
    ],
    "MOD_REARBUMPER": [
        2,
        0
    ],
    "MOD_ROOF": [
        2,
        0
    ],
    "MOD_SIDESKIRT": [
        4,
        0
    ],
    "MOD_SPOILERS": [
        7,
        0
    ],
    "MOD_TIRESMOKE": "TOGGLE",
    "MOD_TRANSMISSION": [
        2,
        0
    ],
    "MOD_TURBO": "TOGGLE",
    "MOD_XENONHEADLIGHTS": "TOGGLE",
    "clan_logo": 0,
    "custom_primary_color": [
        97,
        94,
        204
    ],
    "custom_secondary_color": [
        97,
        94,
        204
    ],
    "dash_color": 65,
    "drift_tires": 0,
    "has_collision": true,
    "headlight_color": 3,
    "interior_color": 65,
    "is_visible": true,
    "model_attachments": [],
    "neon_color": [
        73,
        78,
        209
    ],
    "neon_lights": [
        true,
        true,
        true,
        true
    ],
    "pearlescent_color": 18,
    "plate_text": "25PVC034",
    "plate_text_index": 4,
    "primary_color": 120,
    "radio_station": "OFF",
    "secondary_color": 120,
    "tire_can_burst": 0,
    "tire_smoke_color": [
        97,
        94,
        204
    ],
    "vehicle_attachments": [],
    "vehicle_extras": [],
    "vehicle_model_hash": 1044193113,
    "vehicle_window_tint": 1,
    "wheel_color": 0,
    "wheel_type": 8
}