{
    "": "TOGGLE",
    "MOD_ARMOR": [
        4,
        0
    ],
    "MOD_BRAKES": [
        2,
        0
    ],
    "MOD_ENGINE": [
        3,
        0
    ],
    "MOD_EXHAUST": [
        1,
        0
    ],
    "MOD_FRONTWHEEL": [
        112,
        0
    ],
    "MOD_HORNS": [
        40,
        0
    ],
    "MOD_SIDESKIRT": [
        1,
        0
    ],
    "MOD_SUSPENSION": [
        2,
        0
    ],
    "MOD_TIRESMOKE": "TOGGLE",
    "MOD_TRANSMISSION": [
        2,
        0
    ],
    "MOD_TURBO": "TOGGLE",
    "MOD_XENONHEADLIGHTS": "TOGGLE",
    "clan_logo": 0,
    "custom_primary_color": [
        231,
        125,
        159
    ],
    "custom_secondary_color": [
        231,
        125,
        159
    ],
    "dash_color": 111,
    "drift_tires": 0,
    "has_collision": true,
    "headlight_color": 9,
    "interior_color": 111,
    "is_visible": true,
    "model_attachments": [],
    "neon_color": [
        231,
        125,
        159
    ],
    "neon_lights": [
        true,
        true,
        true,
        true
    ],
    "pearlescent_color": 89,
    "plate_text": "DOGONPAI",
    "plate_text_index": 0,
    "primary_color": 115,
    "radio_station": "RADIO_36_AUDIOPLAYER",
    "secondary_color": 1,
    "tire_can_burst": 0,
    "tire_smoke_color": [
        0,
        0,
        0
    ],
    "vehicle_attachments": [],
    "vehicle_extras": [
        [
            1,
            false
        ]
    ],
    "vehicle_model_hash": 3918533058,
    "vehicle_window_tint": 1,
    "wheel_color": 136,
    "wheel_type": 8
}