{
    "MOD_ARMOR": [
        4,
        0
    ],
    "MOD_BRAKES": [
        2,
        0
    ],
    "MOD_ENGINE": [
        3,
        0
    ],
    "MOD_EXHAUST": [
        11,
        0
    ],
    "MOD_FRAME": [
        1,
        0
    ],
    "MOD_FRONTWHEEL": [
        116,
        0
    ],
    "MOD_GRILLE": [
        8,
        0
    ],
    "MOD_HORNS": [
        38,
        0
    ],
    "MOD_LIVERY": [
        9,
        0
    ],
    "MOD_RIGHTFENDER": [
        1,
        0
    ],
    "MOD_SPOILERS": [
        0,
        0
    ],
    "MOD_TIRESMOKE": "TOGGLE",
    "MOD_TURBO": "TOGGLE",
    "clan_logo": 0,
    "custom_primary_color": [
        0,
        0,
        0
    ],
    "custom_secondary_color": [
        0,
        0,
        0
    ],
    "dash_color": 0,
    "drift_tires": 0,
    "has_collision": true,
    "headlight_color": 255,
    "interior_color": 70,
    "is_visible": true,
    "model_attachments": [],
    "neon_color": [
        0,
        0,
        0
    ],
    "neon_lights": [
        false,
        false,
        false,
        false
    ],
    "pearlescent_color": 135,
    "plate_text": "25ORR828",
    "plate_text_index": 0,
    "primary_color": 27,
    "radio_station": "RADIO_36_AUDIOPLAYER",
    "secondary_color": 27,
    "tire_can_burst": 0,
    "tire_smoke_color": [
        0,
        0,
        0
    ],
    "vehicle_attachments": [],
    "vehicle_extras": [],
    "vehicle_model_hash": 2802050217,
    "vehicle_window_tint": 0,
    "wheel_color": 140,
    "wheel_type": 8
}