{
    "": "TOGGLE",
    "MOD_ARMOR": [
        4,
        0
    ],
    "MOD_BRAKES": [
        2,
        0
    ],
    "MOD_ENGINE": [
        3,
        0
    ],
    "MOD_FRONTWHEEL": [
        44,
        0
    ],
    "MOD_ROOF": [
        0,
        0
    ],
    "MOD_SUSPENSION": [
        4,
        0
    ],
    "MOD_TRANSMISSION": [
        2,
        0
    ],
    "MOD_TURBO": "TOGGLE",
    "MOD_XENONHEADLIGHTS": "TOGGLE",
    "clan_logo": 0,
    "custom_primary_color": [
        233,
        5,
        5
    ],
    "custom_secondary_color": [
        233,
        5,
        5
    ],
    "dash_color": 0,
    "has_collision": true,
    "headlight_color": 8,
    "interior_color": 0,
    "is_invincible": true,
    "is_visible": true,
    "model_attachments": [],
    "neon_color": [
        247,
        9,
        9
    ],
    "neon_lights": [
        true,
        true,
        true,
        true
    ],
    "pearlescent_color": 32,
    "plate_text": "EZZZZZZ ",
    "plate_text_index": 5,
    "primary_color": 120,
    "radio_station": "RADIO_18_90S_ROCK",
    "secondary_color": 120,
    "tire_smoke_color": [
        230,
        81,
        81
    ],
    "vehicle_attachments": [],
    "vehicle_extras": [],
    "vehicle_model_hash": 3052358707,
    "vehicle_window_tint": 1,
    "wheel_color": 112,
    "wheel_type": 10
}