{
    "MOD_ARMOR": [
        4,
        0
    ],
    "MOD_BRAKES": [
        2,
        0
    ],
    "MOD_ENGINE": [
        3,
        0
    ],
    "MOD_EXHAUST": [
        0,
        0
    ],
    "MOD_FENDER": [
        1,
        0
    ],
    "MOD_FRAME": [
        2,
        0
    ],
    "MOD_FRONTBUMPER": [
        5,
        0
    ],
    "MOD_FRONTWHEEL": [
        38,
        1
    ],
    "MOD_HOOD": [
        1,
        0
    ],
    "MOD_LIVERY": [
        2,
        0
    ],
    "MOD_REARWHEEL": [
        38,
        0
    ],
    "MOD_ROOF": [
        0,
        0
    ],
    "MOD_SIDESKIRT": [
        1,
        0
    ],
    "MOD_SPOILERS": [
        3,
        0
    ],
    "MOD_TIRESMOKE": "TOGGLE",
    "MOD_TRANSMISSION": [
        2,
        0
    ],
    "MOD_TURBO": "TOGGLE",
    "MOD_XENONHEADLIGHTS": "TOGGLE",
    "clan_logo": 1,
    "custom_primary_color": [
        30,
        255,
        0
    ],
    "custom_secondary_color": [
        30,
        255,
        0
    ],
    "dash_color": 0,
    "drift_tires": 0,
    "has_collision": true,
    "headlight_color": 4,
    "interior_color": 1,
    "is_visible": true,
    "model_attachments": [],
    "neon_color": [
        0,
        0,
        0
    ],
    "neon_lights": [
        true,
        true,
        true,
        true
    ],
    "pearlescent_color": 89,
    "plate_text": "89IWR108",
    "plate_text_index": 0,
    "primary_color": 0,
    "radio_station": "RADIO_37_MOTOMAMI",
    "secondary_color": 92,
    "tire_can_burst": 0,
    "tire_smoke_color": [
        30,
        255,
        0
    ],
    "vehicle_attachments": [],
    "vehicle_extras": [],
    "vehicle_model_hash": 3685342204,
    "vehicle_window_tint": 0,
    "wheel_color": 55,
    "wheel_type": 6
}