{
    "": "TOGGLE",
    "MOD_BRAKES": [
        2,
        0
    ],
    "MOD_ENGINE": [
        3,
        0
    ],
    "MOD_EXHAUST": [
        4,
        0
    ],
    "MOD_FRONTWHEEL": [
        106,
        0
    ],
    "MOD_HOOD": [
        1,
        0
    ],
    "MOD_LIVERY": [
        7,
        0
    ],
    "MOD_SIDESKIRT": [
        0,
        0
    ],
    "MOD_SPOILERS": [
        12,
        0
    ],
    "MOD_TRANSMISSION": [
        3,
        0
    ],
    "MOD_TURBO": "TOGGLE",
    "MOD_XENONHEADLIGHTS": "TOGGLE",
    "clan_logo": 0,
    "dash_color": 0,
    "has_collision": true,
    "headlight_color": 8,
    "interior_color": 0,
    "is_invincible": true,
    "is_visible": true,
    "model_attachments": [],
    "neon_color": [
        250,
        1,
        1
    ],
    "neon_lights": [
        true,
        true,
        true,
        true
    ],
    "pearlescent_color": 137,
    "plate_text": "ALONSO33",
    "plate_text_index": 5,
    "primary_color": 39,
    "radio_station": "RADIO_02_POP",
    "secondary_color": 120,
    "tire_smoke_color": [
        0,
        0,
        0
    ],
    "vehicle_attachments": [],
    "vehicle_extras": [
        [
            1,
            true
        ]
    ],
    "vehicle_model_hash": 3630826055,
    "vehicle_window_tint": 1,
    "wheel_color": 112,
    "wheel_type": 8
}