{
    "MOD_ARMOR": [
        4,
        0
    ],
    "MOD_BRAKES": [
        2,
        0
    ],
    "MOD_ENGINE": [
        3,
        0
    ],
    "MOD_EXHAUST": [
        0,
        0
    ],
    "MOD_FRONTBUMPER": [
        1,
        0
    ],
    "MOD_FRONTWHEEL": [
        114,
        0
    ],
    "MOD_HORNS": [
        44,
        0
    ],
    "MOD_SIDESKIRT": [
        1,
        0
    ],
    "MOD_SPOILERS": [
        0,
        0
    ],
    "MOD_SUSPENSION": [
        3,
        0
    ],
    "MOD_TIRESMOKE": "TOGGLE",
    "MOD_TRANSMISSION": [
        2,
        0
    ],
    "MOD_TURBO": "TOGGLE",
    "MOD_XENONHEADLIGHTS": "TOGGLE",
    "clan_logo": 0,
    "custom_primary_color": [
        57,
        255,
        0
    ],
    "custom_secondary_color": [
        57,
        255,
        0
    ],
    "dash_color": 4,
    "drift_tires": 0,
    "has_collision": true,
    "headlight_color": 4,
    "interior_color": 0,
    "is_visible": true,
    "model_attachments": [],
    "neon_color": [
        61,
        255,
        0
    ],
    "neon_lights": [
        true,
        true,
        true,
        true
    ],
    "pearlescent_color": 5,
    "plate_text": "DOGONPAI",
    "plate_text_index": 12,
    "primary_color": 5,
    "radio_station": "RADIO_36_AUDIOPLAYER",
    "secondary_color": 9,
    "tire_can_burst": 1,
    "tire_smoke_color": [
        255,
        255,
        255
    ],
    "vehicle_attachments": [],
    "vehicle_extras": [],
    "vehicle_model_hash": 2123327359,
    "vehicle_window_tint": 1,
    "wheel_color": 125,
    "wheel_type": 8
}