{
    "MOD_ARMOR": [
        4,
        0
    ],
    "MOD_BRAKES": [
        2,
        0
    ],
    "MOD_ENGINE": [
        3,
        0
    ],
    "MOD_FENDER": [
        1,
        0
    ],
    "MOD_FRAME": [
        2,
        0
    ],
    "MOD_FRONTBUMPER": [
        1,
        0
    ],
    "MOD_FRONTWHEEL": [
        93,
        0
    ],
    "MOD_GRILLE": [
        1,
        0
    ],
    "MOD_HOOD": [
        2,
        0
    ],
    "MOD_HORNS": [
        44,
        0
    ],
    "MOD_REARBUMPER": [
        1,
        0
    ],
    "MOD_RIGHTFENDER": [
        0,
        0
    ],
    "MOD_SIDESKIRT": [
        0,
        0
    ],
    "MOD_SPOILERS": [
        1,
        0
    ],
    "MOD_SUSPENSION": [
        3,
        0
    ],
    "MOD_TIRESMOKE": "TOGGLE",
    "MOD_TRANSMISSION": [
        2,
        0
    ],
    "MOD_TURBO": "TOGGLE",
    "MOD_WINDOWS": [
        0,
        0
    ],
    "MOD_XENONHEADLIGHTS": "TOGGLE",
    "clan_logo": 0,
    "dash_color": 0,
    "drift_tires": 1,
    "has_collision": true,
    "headlight_color": 255,
    "interior_color": 0,
    "is_visible": true,
    "model_attachments": [],
    "neon_color": [
        15,
        3,
        255
    ],
    "neon_lights": [
        true,
        true,
        true,
        true
    ],
    "pearlescent_color": 70,
    "plate_text": " RADAHN ",
    "plate_text_index": 1,
    "primary_color": 8,
    "radio_station": "RADIO_14_DANCE_02",
    "secondary_color": 2,
    "tire_can_burst": 0,
    "tire_smoke_color": [
        255,
        255,
        255
    ],
    "vehicle_attachments": [],
    "vehicle_extras": [],
    "vehicle_model_hash": 3692679425,
    "vehicle_window_tint": 1,
    "wheel_color": 156,
    "wheel_type": 9
}