{
    "MOD_ARMOR": [
        4,
        0
    ],
    "MOD_BRAKES": [
        2,
        0
    ],
    "MOD_ENGINE": [
        3,
        0
    ],
    "MOD_EXHAUST": [
        4,
        0
    ],
    "MOD_FENDER": [
        4,
        0
    ],
    "MOD_FRAME": [
        2,
        0
    ],
    "MOD_FRONTBUMPER": [
        10,
        0
    ],
    "MOD_FRONTWHEEL": [
        90,
        0
    ],
    "MOD_HOOD": [
        3,
        0
    ],
    "MOD_LIVERY": [
        6,
        0
    ],
    "MOD_REARBUMPER": [
        9,
        0
    ],
    "MOD_RIGHTFENDER": [
        3,
        0
    ],
    "MOD_ROOF": [
        11,
        0
    ],
    "MOD_SIDESKIRT": [
        8,
        0
    ],
    "MOD_SPOILERS": [
        13,
        0
    ],
    "MOD_SUSPENSION": [
        1,
        0
    ],
    "MOD_TIRESMOKE": "TOGGLE",
    "MOD_TRANSMISSION": [
        2,
        0
    ],
    "MOD_TURBO": "TOGGLE",
    "MOD_XENONHEADLIGHTS": "TOGGLE",
    "clan_logo": 0,
    "custom_primary_color": [
        0,
        0,
        0
    ],
    "custom_secondary_color": [
        246,
        16,
        16
    ],
    "dash_color": 7,
    "drift_tires": 1,
    "has_collision": true,
    "headlight_color": 5,
    "interior_color": 4,
    "is_visible": true,
    "model_attachments": [],
    "neon_color": [
        231,
        42,
        42
    ],
    "neon_lights": [
        true,
        true,
        true,
        true
    ],
    "pearlescent_color": 0,
    "plate_text": " RADAHN ",
    "plate_text_index": 0,
    "primary_color": 70,
    "radio_station": "RADIO_14_DANCE_02",
    "secondary_color": 70,
    "tire_can_burst": 0,
    "tire_smoke_color": [
        20,
        20,
        20
    ],
    "vehicle_attachments": [],
    "vehicle_extras": [],
    "vehicle_model_hash": 3540279623,
    "vehicle_window_tint": 1,
    "wheel_color": 0,
    "wheel_type": 10
}