{
    "MOD_ARMOR": [
        4,
        0
    ],
    "MOD_BRAKES": [
        2,
        0
    ],
    "MOD_ENGINE": [
        3,
        0
    ],
    "MOD_EXHAUST": [
        2,
        0
    ],
    "MOD_FRONTBUMPER": [
        1,
        0
    ],
    "MOD_FRONTWHEEL": [
        8,
        0
    ],
    "MOD_HOOD": [
        0,
        0
    ],
    "MOD_REARBUMPER": [
        1,
        0
    ],
    "MOD_ROOF": [
        0,
        0
    ],
    "MOD_SIDESKIRT": [
        0,
        0
    ],
    "MOD_TIRESMOKE": "TOGGLE",
    "MOD_TRANSMISSION": [
        2,
        0
    ],
    "MOD_TURBO": "TOGGLE",
    "MOD_XENONHEADLIGHTS": "TOGGLE",
    "clan_logo": 0,
    "custom_primary_color": [
        0,
        0,
        0
    ],
    "custom_secondary_color": [
        32,
        16,
        16
    ],
    "dash_color": 1,
    "drift_tires": 1,
    "has_collision": true,
    "headlight_color": 8,
    "interior_color": 9,
    "is_visible": true,
    "model_attachments": [],
    "neon_color": [
        27,
        0,
        221
    ],
    "neon_lights": [
        true,
        true,
        true,
        true
    ],
    "pearlescent_color": 9,
    "plate_text": " RADAHN ",
    "plate_text_index": 0,
    "primary_color": 72,
    "radio_station": "RADIO_14_DANCE_02",
    "secondary_color": 146,
    "tire_can_burst": 0,
    "tire_smoke_color": [
        211,
        44,
        0
    ],
    "vehicle_attachments": [],
    "vehicle_extras": [],
    "vehicle_model_hash": 1663218586,
    "vehicle_window_tint": 1,
    "wheel_color": 150,
    "wheel_type": 10
}