{
    "MOD_AERIALS": [
        0,
        0
    ],
    "MOD_AIRFILTER": [
        2,
        0
    ],
    "MOD_ARMOR": [
        4,
        0
    ],
    "MOD_BRAKES": [
        2,
        0
    ],
    "MOD_ENGINE": [
        3,
        0
    ],
    "MOD_FRAME": [
        5,
        0
    ],
    "MOD_FRONTWHEEL": [
        101,
        0
    ],
    "MOD_HORNS": [
        34,
        0
    ],
    "MOD_LIVERY": [
        13,
        0
    ],
    "MOD_STRUTS": [
        2,
        0
    ],
    "MOD_TANK": [
        0,
        0
    ],
    "MOD_TIRESMOKE": "TOGGLE",
    "MOD_TRANSMISSION": [
        2,
        0
    ],
    "MOD_TRIM": [
        0,
        0
    ],
    "MOD_TURBO": "TOGGLE",
    "MOD_XENONHEADLIGHTS": "TOGGLE",
    "clan_logo": 0,
    "custom_primary_color": [
        0,
        0,
        0
    ],
    "custom_secondary_color": [
        255,
        255,
        255
    ],
    "dash_color": 135,
    "drift_tires": 0,
    "has_collision": true,
    "headlight_color": 7,
    "interior_color": 30,
    "is_visible": true,
    "model_attachments": [],
    "neon_color": [
        255,
        5,
        190
    ],
    "neon_lights": [
        true,
        true,
        true,
        true
    ],
    "pearlescent_color": 29,
    "plate_text": " RADAHN ",
    "plate_text_index": 0,
    "primary_color": 120,
    "radio_station": "RADIO_14_DANCE_02",
    "secondary_color": 0,
    "tire_can_burst": 0,
    "tire_smoke_color": [
        255,
        255,
        255
    ],
    "vehicle_attachments": [],
    "vehicle_extras": [],
    "vehicle_model_hash": 2482017624,
    "vehicle_window_tint": 0,
    "wheel_color": 28,
    "wheel_type": 9
}