{
    "": "TOGGLE",
    "MOD_ARMOR": [
        4,
        0
    ],
    "MOD_BRAKES": [
        2,
        0
    ],
    "MOD_ENGINE": [
        3,
        0
    ],
    "MOD_FRONTWHEEL": [
        123,
        0
    ],
    "MOD_HORNS": [
        44,
        0
    ],
    "MOD_SUSPENSION": [
        3,
        0
    ],
    "MOD_TIRESMOKE": "TOGGLE",
    "MOD_TRANSMISSION": [
        2,
        0
    ],
    "MOD_TURBO": "TOGGLE",
    "MOD_XENONHEADLIGHTS": "TOGGLE",
    "clan_logo": 0,
    "dash_color": 8,
    "drift_tires": 0,
    "has_collision": true,
    "headlight_color": 255,
    "interior_color": 5,
    "is_visible": true,
    "model_attachments": [],
    "neon_color": [
        255,
        255,
        255
    ],
    "neon_lights": [
        true,
        true,
        true,
        true
    ],
    "pearlescent_color": 42,
    "plate_text": " RADAHN ",
    "plate_text_index": 1,
    "primary_color": 150,
    "radio_station": "RADIO_14_DANCE_02",
    "secondary_color": 158,
    "tire_can_burst": 0,
    "tire_smoke_color": [
        255,
        255,
        255
    ],
    "vehicle_attachments": [],
    "vehicle_extras": [
        [
            10,
            false
        ],
        [
            12,
            false
        ]
    ],
    "vehicle_model_hash": 666166960,
    "vehicle_window_tint": 1,
    "wheel_color": 0,
    "wheel_type": 9
}