{
    "": "TOGGLE",
    "MOD_ARMOR": [
        4,
        0
    ],
    "MOD_BRAKES": [
        2,
        0
    ],
    "MOD_ENGINE": [
        3,
        0
    ],
    "MOD_EXHAUST": [
        1,
        0
    ],
    "MOD_FRONTBUMPER": [
        2,
        0
    ],
    "MOD_FRONTWHEEL": [
        102,
        0
    ],
    "MOD_HOOD": [
        2,
        0
    ],
    "MOD_HORNS": [
        57,
        0
    ],
    "MOD_ROOF": [
        4,
        0
    ],
    "MOD_SPOILERS": [
        8,
        0
    ],
    "MOD_SUSPENSION": [
        4,
        0
    ],
    "MOD_TIRESMOKE": "TOGGLE",
    "MOD_TRANSMISSION": [
        2,
        0
    ],
    "MOD_TURBO": "TOGGLE",
    "MOD_XENONHEADLIGHTS": "TOGGLE",
    "clan_logo": 0,
    "custom_primary_color": [
        255,
        255,
        255
    ],
    "custom_secondary_color": [
        0,
        0,
        0
    ],
    "dash_color": 8,
    "drift_tires": 1,
    "has_collision": true,
    "headlight_color": 7,
    "interior_color": 81,
    "is_visible": true,
    "model_attachments": [],
    "neon_color": [
        255,
        0,
        0
    ],
    "neon_lights": [
        true,
        true,
        true,
        true
    ],
    "pearlescent_color": 42,
    "plate_text": " RADAHN ",
    "plate_text_index": 1,
    "primary_color": 150,
    "radio_station": "RADIO_14_DANCE_02",
    "secondary_color": 159,
    "tire_can_burst": 0,
    "tire_smoke_color": [
        255,
        255,
        255
    ],
    "vehicle_attachments": [],
    "vehicle_extras": [],
    "vehicle_model_hash": 1939284556,
    "vehicle_window_tint": 1,
    "wheel_color": 0,
    "wheel_type": 8
}